gameWeek,minutes_played_last5,clean_sheets_last5,bps_last5,player_starts_last5,expected_goals_last5,expected_assists_last5,expected_goal_involvements_last5,expected_goals_conceded_last5,total_points_last5,difficulty,is_home_team,player_type_1,player_type_2,player_type_3,player_type_4
11,4.050044303325521,0.1823215567939546,1.791759469228055,0.6931471805599453,0.2468600779315258,0.03922071315328133,0.2776317365982794,0.8993480111438431,1.2237754316221157,2,1,0,0,0,1
5,0.0,0.0,1.3862943611198906,0.0,0.0,0.0,0.0,0.0,0.6931471805599453,3,1,0,0,1,0
4,0.0,0.0,1.3862943611198906,0.0,0.0,0.0,0.0,0.0,0.6931471805599453,4,0,0,0,1,0
10,2.9444389791664403,0.1823215567939546,2.128231705849268,0.1823215567939546,0.03729578474369693,0.025667746748577813,0.0620353909194527,0.22793206804600694,1.1631508098056809,3,0,0,1,0,0
5,0.0,0.0,1.3862943611198906,0.0,0.0,0.0,0.0,0.0,0.6931471805599453,4,1,0,1,0,0
6,0.0,0.0,1.3862943611198906,0.0,0.0,0.0,0.0,0.0,0.6931471805599453,3,1,0,0,1,0
11,0.0,0.0,1.3862943611198906,0.0,0.0,0.0,0.0,0.0,0.6931471805599453,2,0,0,0,1,0
3,0.0,0.0,1.3862943611198906,0.0,0.0,0.0,0.0,0.0,0.6931471805599453,4,0,0,1,0,0
7,4.4355674016019115,0.47000362924573563,2.4849066497880004,0.6931471805599453,0.26696903085423934,0.21672298351128702,0.4369637751675354,0.6270073780554004,1.3862943611198906,2,0,0,0,1,0
9,4.51085950651685,0.3364722366212129,3.1612467120315646,0.6931471805599453,0.0,0.0,0.0,0.8011043220650377,1.7578579175523736,3,0,1,0,0,0
7,0.0,0.0,1.3862943611198906,0.0,0.0,0.0,0.0,0.0,0.6931471805599453,4,0,1,0,0,0
5,3.6699514442284173,0.22314355131420976,2.7568403652716422,0.4054651081081644,0.0769610411361284,0.17395330712343798,0.23901690047049992,0.7068035070074309,1.791759469228055,2,1,0,0,1,0
7,0.0,0.0,1.3862943611198906,0.0,0.0,0.0,0.0,0.0,0.6931471805599453,3,0,1,0,0,0
7,4.51085950651685,0.0,2.5952547069568657,0.6931471805599453,0.10255658832509215,0.009950330853168092,0.11154137473290732,1.2963696535919036,0.6931471805599453,3,0,0,1,0,0
2,0.0,0.0,1.3862943611198906,0.0,0.0,0.0,0.0,0.0,0.6931471805599453,2,1,1,0,0,0
10,3.0819099697950434,0.0,2.1041341542702074,0.1823215567939546,0.0,0.0,0.0,0.3206331725914669,0.9555114450274363,2,0,0,1,0,0
6,4.421247347827163,0.1823215567939546,2.5649493574615367,0.6931471805599453,0.05638033343610769,0.039220713153281114,0.09349034308733897,0.688134638736401,1.4350845252893227,2,1,0,0,1,0
9,4.406719247264253,0.0,2.6390573296152584,0.7884573603642703,0.03729578474369693,0.05638033343610769,0.09166718852582387,1.0094167098636389,1.1631508098056809,3,0,0,1,0,0
3,0.0,0.0,1.3862943611198906,0.0,0.0,0.0,0.0,0.0,0.6931471805599453,5,1,0,0,0,1
10,0.0,0.0,1.3862943611198906,0.0,0.0,0.0,0.0,0.0,0.6931471805599453,4,0,0,1,0,0
2,2.3978952727983707,0.0,1.791759469228055,0.0,0.0,0.0,0.0,0.1906203596086497,1.0986122886681098,2,0,0,0,1,0
7,0.0,0.0,1.3862943611198906,0.0,0.0,0.0,0.0,0.0,0.6931471805599453,4,0,1,0,0,0
3,0.0,0.0,1.3862943611198906,0.0,0.0,0.0,0.0,0.0,0.6931471805599453,2,0,1,0,0,0
3,2.3513752571634776,0.0,1.9459101490553132,0.0,0.0,0.004987541511038968,0.004987541511038968,0.058268908123975824,1.0986122886681098,5,1,0,0,1,0
5,0.0,0.0,1.3862943611198906,0.0,0.0,0.0,0.0,0.0,0.6931471805599453,2,1,0,1,0,0
11,4.136765278106052,0.1823215567939546,2.379546134130174,0.5877866649021191,0.017839918128331016,0.050693114315518165,0.06765864847381486,0.6302073807860711,1.2809338454620642,3,1,0,1,0,0
4,4.386184644822546,0.0,2.120263536200091,0.6931471805599453,0.10436001532424286,0.009950330853168092,0.11332868530700327,0.6830968447064438,1.3862943611198906,3,0,0,0,1,0
9,2.5952547069568657,0.0,2.2617630984737906,0.0,0.2515366258154277,0.02176149178151271,0.268499253035007,0.4014570867106254,1.3862943611198906,2,1,0,0,1,0
8,0.0,0.0,1.3862943611198906,0.0,0.0,0.0,0.0,0.0,0.6931471805599453,4,1,0,0,1,0
3,0.0,0.0,1.3862943611198906,0.0,0.0,0.0,0.0,0.0,0.6931471805599453,3,1,0,0,1,0
9,0.0,0.0,1.3862943611198906,0.0,0.0,0.0,0.0,0.0,0.6931471805599453,5,0,0,0,0,1
11,4.032469158504013,0.1823215567939546,3.0252910757955354,0.47000362924573563,0.36046774217742855,0.09349034308733897,0.4265740713183996,0.5364933705145685,1.9459101490553132,2,0,0,0,0,1
9,3.091042453358316,0.0,2.0794415416798357,0.1823215567939546,0.0,0.0,0.0,0.48980625654191534,0.8754687373538999,3,1,0,1,0,0
6,4.48863636973214,0.3364722366212129,2.667228206581955,0.6931471805599453,0.243730184922598,0.23269776411902143,0.4304828710834521,0.7246458476193163,1.2809338454620642,3,1,0,0,1,0
10,0.0,0.0,1.3862943611198906,0.0,0.0,0.0,0.0,0.0,0.6931471805599453,2,0,0,0,1,0
4,0.0,0.0,1.3862943611198906,0.0,0.0,0.0,0.0,0.0,0.6931471805599453,3,0,0,1,0,0
2,4.499809670330265,0.0,0.6931471805599453,0.6931471805599453,0.0,0.0,0.0,0.5596157879354227,1.0986122886681098,2,1,0,0,1,0
3,4.51085950651685,0.0,2.5649493574615367,0.6931471805599453,0.2151113796169455,0.06297479916138839,0.2662030407746567,1.1233049012584813,1.3862943611198906,3,1,0,0,1,0
6,0.1823215567939546,0.0,1.4816045409242156,0.0,0.0,0.0,0.0,0.071389996086673,0.7884573603642703,3,0,0,1,0,0
8,2.975529566236472,0.0,1.8562979903656263,0.1823215567939546,0.0,0.02176149178151271,0.02176149178151271,0.5031965966014995,0.9555114450274363,4,1,0,0,1,0
4,0.0,0.0,1.3862943611198906,0.0,0.0,0.0,0.0,0.0,0.6931471805599453,4,0,0,1,0,0
4,0.0,0.0,1.3862943611198906,0.0,0.0,0.0,0.0,0.0,0.6931471805599453,2,1,0,0,0,1
8,4.087655574071304,0.1823215567939546,1.8870696490323797,0.5877866649021191,0.18730909830499368,0.1292723357041391,0.2956502421009577,0.5855619698800079,1.33500106673234,3,0,0,0,1,0
7,0.0,0.0,1.3862943611198906,0.0,0.0,0.0,0.0,0.0,0.6931471805599453,3,0,1,0,0,0
7,3.903990833730882,0.3364722366212129,2.653241964607215,0.3364722366212129,0.01980262729617973,0.04688358589885046,0.06578774053800315,0.3947411447451887,1.4816045409242156,2,1,0,0,1,0
4,3.9951379121386528,0.0,1.9459101490553132,0.5108256237659906,0.0,0.009950330853168092,0.009950330853168092,0.956792675183485,1.0986122886681098,2,1,0,1,0,0
9,0.0,0.0,1.3862943611198906,0.0,0.0,0.0,0.0,0.0,0.6931471805599453,2,1,0,0,1,0
9,0.0,0.0,1.3862943611198906,0.0,0.0,0.0,0.0,0.0,0.6931471805599453,2,0,0,1,0,0
9,3.9473901492654373,0.1823215567939546,2.2617630984737906,0.5877866649021191,0.02176149178151271,0.013902905168991434,0.035367143837291344,0.8276780735175514,1.0296194171811581,2,1,0,0,1,0
6,0.0,0.0,1.3862943611198906,0.0,0.0,0.0,0.0,0.0,0.6931471805599453,3,1,0,0,1,0
3,3.332204510175204,0.0,2.0794415416798357,0.0,0.0,0.009950330853168092,0.009950330853168092,0.7371640659767196,1.0986122886681098,4,0,0,0,1,0
2,0.0,0.0,1.3862943611198906,0.0,0.0,0.0,0.0,0.0,0.6931471805599453,3,0,0,0,1,0
6,2.5952547069568657,0.1823215567939546,1.6094379124341003,0.1823215567939546,0.0620353909194527,0.0,0.0620353909194527,0.1275133202989597,0.9555114450274363,3,0,0,0,1,0
10,4.406719247264253,0.1823215567939546,2.533696813957432,0.6931471805599453,0.2730759200624188,0.052592450119170416,0.31334981920035865,0.7523590401917913,1.4350845252893227,5,1,0,0,1,0
8,4.51085950651685,0.1823215567939546,3.1780538303479458,0.6931471805599453,0.03729578474369693,0.04688358589885046,0.08250122151174377,0.7902738912906679,1.6094379124341003,2,0,0,1,0,0
11,0.0,0.0,1.3862943611198906,0.0,0.0,0.0,0.0,0.0,0.6931471805599453,3,0,0,0,0,1
3,0.0,0.0,1.3862943611198906,0.0,0.0,0.0,0.0,0.0,0.6931471805599453,2,1,0,0,0,1
3,4.51085950651685,0.0,2.803360380906535,0.6931471805599453,0.0,0.004987541511038968,0.004987541511038968,0.914288729203482,1.3862943611198906,4,1,0,1,0,0
7,2.70805020110221,0.0,2.4336133554004498,0.0,0.2515366258154277,0.05638033343610769,0.2956502421009577,0.3811724155391198,1.4350845252893227,4,1,0,0,1,0
4,3.2708355637989115,0.0,2.03688192726104,0.0,0.0,0.02306527293099597,0.02306527293099597,0.4824261492442928,1.0986122886681098,4,0,0,0,1,0
3,0.0,0.0,1.3862943611198906,0.0,0.0,0.0,0.0,0.0,0.6931471805599453,3,1,1,0,0,0
2,0.0,0.0,1.3862943611198906,0.0,0.0,0.0,0.0,0.0,0.6931471805599453,3,0,0,0,0,1
6,0.0,0.0,1.3862943611198906,0.0,0.0,0.0,0.0,0.0,0.6931471805599453,2,1,0,0,1,0
8,1.824549292051046,0.0,1.3862943611198906,0.0,0.011928570865273812,0.005982071677547469,0.017839918128331016,0.10795714150509217,0.7884573603642703,2,1,0,0,0,1
11,0.0,0.0,1.3862943611198906,0.0,0.0,0.0,0.0,0.0,0.6931471805599453,3,1,0,0,1,0
11,3.202746442938317,0.0,1.7227665977411035,0.1823215567939546,0.005982071677547469,0.007968169649176881,0.013902905168991434,0.4343764516025845,1.0296194171811581,2,1,0,0,0,1
2,0.0,0.0,1.3862943611198906,0.0,0.0,0.0,0.0,0.0,0.6931471805599453,4,0,0,0,1,0
5,4.237723145067448,0.0,2.4423470353692043,0.6931471805599453,0.04162167469081945,0.046406372814155834,0.08617769624105241,1.0438040521731147,1.3217558399823195,3,1,0,0,1,0
8,4.45898767581001,0.1823215567939546,3.572345637857985,0.6931471805599453,0.41871033485818504,0.07325046173959274,0.4675004990276171,0.8569652657893402,2.379546134130174,2,0,0,0,0,1
10,0.0,0.0,1.3862943611198906,0.0,0.0,0.0,0.0,0.0,0.6931471805599453,2,1,0,1,0,0
10,0.0,0.0,1.3862943611198906,0.0,0.0,0.0,0.0,0.0,0.6931471805599453,4,0,0,0,0,1
6,0.0,0.0,1.3862943611198906,0.0,0.0,0.0,0.0,0.0,0.6931471805599453,2,1,1,0,0,0
3,3.828641396489095,0.0,2.302585092994046,0.4054651081081644,0.0,0.004987541511038968,0.004987541511038968,0.7443154671343447,0.9162907318741551,3,1,0,1,0,0
11,0.0,0.0,1.3862943611198906,0.0,0.0,0.0,0.0,0.0,0.6931471805599453,2,0,0,0,1,0
8,3.5085558999826545,0.0,2.341805806147327,0.3364722366212129,0.013902905168991434,0.03343477608623742,0.04688358589885046,0.3378997886123983,1.2237754316221157,4,1,0,0,1,0
7,0.0,0.0,1.3862943611198906,0.0,0.0,0.0,0.0,0.0,0.6931471805599453,4,1,0,0,1,0
3,0.0,0.0,1.3862943611198906,0.0,0.0,0.0,0.0,0.0,0.6931471805599453,2,1,0,0,1,0
6,0.0,0.0,1.3862943611198906,0.0,0.0,0.0,0.0,0.0,0.6931471805599453,5,0,0,1,0,0
11,2.3608540011180215,0.0,2.1041341542702074,0.0,0.03729578474369693,0.007968169649176881,0.044973365642731196,0.13627761829254775,1.2237754316221157,2,0,0,0,1,0
2,0.0,0.0,1.3862943611198906,0.0,0.0,0.0,0.0,0.0,0.6931471805599453,2,1,0,0,1,0
11,4.51085950651685,0.1823215567939546,2.9856819377004897,0.6931471805599453,0.011928570865273812,0.11511280710050448,0.12575120530556025,0.7352483565785809,1.3862943611198906,3,1,0,1,0,0
10,4.0943445622221,0.0,2.667228206581955,0.47000362924573563,0.05638033343610769,0.14149956227369942,0.1906203596086497,0.5044050559630681,1.6094379124341003,4,0,0,0,1,0
8,4.074141854904581,0.0,1.916922612182061,0.47000362924573563,0.12221763272424911,0.10975086395911929,0.2199384203652614,0.9017860456712733,1.2237754316221157,2,0,0,0,0,1
9,0.0,0.0,1.3862943611198906,0.0,0.0,0.0,0.0,0.0,0.6931471805599453,2,1,0,1,0,0
3,4.51085950651685,0.0,2.9444389791664403,0.6931471805599453,0.024692612590371414,0.0,0.024692612590371414,0.8263660243461681,1.3862943611198906,4,0,0,1,0,0
10,0.0,0.0,1.3862943611198906,0.0,0.0,0.0,0.0,0.0,0.6931471805599453,2,0,0,1,0,0
7,4.177459468932607,0.0,2.2617630984737906,0.5877866649021191,0.041141943331175,0.035367143837291344,0.07510747248680548,0.8687797492031033,1.0296194171811581,5,1,0,1,0,0
9,4.162003210695915,0.3364722366212129,2.5494451709255714,0.5877866649021191,0.001998002662673058,0.05448818528406957,0.056380333436107474,0.7060634058264915,1.4350845252893227,3,0,0,0,1,0
11,1.2237754316221157,0.0,1.6094379124341003,0.0,0.0,0.0,0.0,0.19885085874516517,0.6931471805599453,3,1,0,1,0,0
7,4.290459441148391,0.3364722366212129,3.0349529867072724,0.5877866649021191,0.005982071677547469,0.054488185284069776,0.060153922819746936,0.555033878430311,1.6486586255873816,2,0,0,1,0,0
6,3.3603753871419,0.1823215567939546,2.91235066461494,0.1823215567939546,0.31772619380015765,0.06765864847381466,0.36741704047063445,0.2956502421009577,1.8562979903656263,2,1,0,0,0,1
5,0.0,0.0,1.3862943611198906,0.0,0.0,0.0,0.0,0.0,0.6931471805599453,2,1,0,0,0,1
11,0.0,0.0,1.3862943611198906,0.0,0.0,0.0,0.0,0.0,0.6931471805599453,3,0,0,0,1,0
6,4.51085950651685,0.3364722366212129,3.186352633162641,0.6931471805599453,0.007968169649176881,0.011928570865273812,0.01980262729617951,0.8415671856782185,1.6486586255873816,4,0,0,1,0,0
9,4.377014092850337,0.0,2.533696813957432,0.6931471805599453,0.011928570865273812,0.005982071677547469,0.017839918128331016,0.9601162114141845,1.4350845252893227,2,0,0,0,1,0
6,0.0,0.0,1.3862943611198906,0.0,0.0,0.0,0.0,0.0,0.6931471805599453,5,0,0,1,0,0
6,0.0,0.0,1.3862943611198906,0.0,0.0,0.0,0.0,0.0,0.6931471805599453,2,0,0,0,0,1
10,2.0794415416798357,0.0,1.4350845252893227,0.0,0.023716526617316065,0.015873349156290163,0.03922071315328133,0.3307415619122278,0.7884573603642703,4,0,0,0,1,0
5,0.0,0.0,1.3862943611198906,0.0,0.0,0.0,0.0,0.0,0.6931471805599453,4,0,0,0,0,1
10,4.309455941839047,0.1823215567939546,2.3978952727983707,0.5877866649021191,0.23269776411902143,0.13976194237515863,0.3450071390710503,0.7109870986882764,1.5260563034950492,2,1,0,0,1,0
10,4.51085950651685,0.3364722366212129,3.100092288878234,0.6931471805599453,0.031498667059371016,0.1292723357041391,0.1570037488096647,0.7314058926770356,1.7227665977411035,3,0,0,1,0,0
4,3.106080330722856,0.0,1.791759469228055,0.28768207245178085,0.013245226750020505,0.009950330853168092,0.02306527293099597,0.30503071078639393,0.9808292530117262,4,0,0,0,0,1
10,4.51085950651685,0.0,3.2809112157876537,0.7884573603642703,0.0,0.0,0.0,1.1600209167967532,1.5260563034950492,2,0,1,0,0,0
7,3.6375861597263857,0.0,2.0541237336955462,0.1823215567939546,0.033434776086237204,0.003992021269537457,0.03729578474369693,0.8153648132841944,0.9555114450274363,3,0,0,1,0,0
9,3.6838669122903918,0.0,2.747270914255491,0.3364722366212129,0.06765864847381466,0.11154137473290732,0.17227122094045313,0.23901690047049992,1.5686159179138452,3,1,0,0,1,0
7,3.0819099697950434,0.0,2.3608540011180215,0.1823215567939546,0.025667746748577813,0.054488185284069776,0.07881118042428985,0.1380212978973746,1.4350845252893227,3,1,0,0,1,0
4,0.0,0.0,1.3862943611198906,0.0,0.0,0.0,0.0,0.0,0.6931471805599453,2,1,0,0,1,0
8,4.366912996863833,0.1823215567939546,2.785011242238338,0.6931471805599453,0.1939206926373065,0.09349034308733897,0.27155269052189734,0.9162907318741551,1.6863989535702288,3,1,0,0,0,1
7,3.1441522786722644,0.1823215567939546,2.5649493574615367,0.1823215567939546,0.017839918128331016,0.13627761829254775,0.15186234930924603,0.11154137473290732,1.4816045409242156,2,0,0,0,1,0
2,0.0,0.0,1.3862943611198906,0.0,0.0,0.0,0.0,0.0,0.6931471805599453,3,0,0,1,0,0
10,2.9338568698359038,0.0,2.3608540011180215,0.0,0.07325046173959274,0.005982071677547469,0.07881118042428985,0.3701832939635246,1.3862943611198906,2,0,0,0,1,0
7,0.0,0.0,1.3862943611198906,0.0,0.0,0.0,0.0,0.0,0.6931471805599453,3,1,0,0,1,0
5,3.901972669574645,0.0,2.1972245773362196,0.5596157879354227,0.04401688541677426,0.10210522293715359,0.1419334958886666,0.8447947301690849,1.4469189829363254,2,0,0,0,1,0
5,0.0,0.0,1.3862943611198906,0.0,0.0,0.0,0.0,0.0,0.6931471805599453,4,0,0,0,1,0
4,2.662587827025453,0.0,2.456735772821304,0.0,0.016529301951210506,0.18509548367667988,0.19885085874516517,0.2337537304262252,1.3862943611198906,3,0,0,0,1,0
11,4.3254562831854875,0.3364722366212129,1.9740810260220096,0.6931471805599453,0.10436001532424286,0.02176149178151271,0.1239859797809913,0.7875478559814296,1.2237754316221157,3,1,0,0,1,0
11,0.0,0.0,1.3862943611198906,0.0,0.0,0.0,0.0,0.0,0.6931471805599453,2,1,0,0,1,0
8,0.0,0.0,1.3862943611198906,0.0,0.0,0.0,0.0,0.0,0.6931471805599453,2,1,1,0,0,0
9,4.51085950651685,0.47000362924573563,3.2268439945173775,0.6931471805599453,0.0,0.007968169649176881,0.007968169649176881,0.5877866649021191,1.8562979903656263,3,0,0,1,0,0
11,4.036008985209137,0.1823215567939546,1.0986122886681098,0.5877866649021191,0.1839868361130158,0.02761516703297339,0.20701416938432612,0.5877866649021191,1.2237754316221157,2,0,0,0,1,0
5,0.0,0.0,1.3862943611198906,0.0,0.0,0.0,0.0,0.0,0.6931471805599453,3,0,1,0,0,0
7,0.0,0.0,1.3862943611198906,0.0,0.0,0.0,0.0,0.0,0.6931471805599453,4,0,0,0,1,0
5,0.0,0.0,1.3862943611198906,0.0,0.0,0.0,0.0,0.0,0.6931471805599453,2,1,0,0,1,0
5,0.0,0.0,1.3862943611198906,0.0,0.0,0.0,0.0,0.0,0.6931471805599453,2,0,0,1,0,0
9,2.995732273553991,0.0,2.0794415416798357,0.1823215567939546,0.0,0.001998002662673058,0.001998002662673058,0.4712528486461674,0.8754687373538999,2,0,0,1,0,0
9,3.5085558999826545,0.1823215567939546,2.2407096892759584,0.3364722366212129,0.0,0.04688358589885046,0.04688358589885046,0.33217731233833225,1.1631508098056809,2,0,0,1,0,0
11,0.0,0.0,1.3862943611198906,0.0,0.0,0.0,0.0,0.0,0.6931471805599453,3,1,0,1,0,0
3,0.0,0.0,1.3862943611198906,0.0,0.0,0.0,0.0,0.0,0.6931471805599453,3,1,0,0,1,0
8,2.2407096892759584,0.0,1.791759469228055,0.0,0.007968169649176881,0.001998002662673058,0.009950330853168092,0.24842135849847832,1.0296194171811581,4,1,0,0,1,0
3,0.0,0.0,1.3862943611198906,0.0,0.0,0.0,0.0,0.0,0.6931471805599453,3,0,1,0,0,0
2,0.0,0.0,1.3862943611198906,0.0,0.0,0.0,0.0,0.0,0.6931471805599453,3,1,0,1,0,0
9,3.1945831322991562,0.0,2.451005098112319,0.1823215567939546,0.0,0.09712671073072282,0.09712671073072282,0.25773819607870885,1.33500106673234,4,0,0,1,0,0
4,0.0,0.0,1.3862943611198906,0.0,0.0,0.0,0.0,0.0,0.6931471805599453,2,1,0,0,0,1
4,0.0,0.0,1.3862943611198906,0.0,0.0,0.0,0.0,0.0,0.6931471805599453,2,0,0,1,0,0
11,3.5085558999826545,0.0,1.7227665977411035,0.3364722366212129,0.050693114315518165,0.015873349156290163,0.06578774053800295,0.3450071390710503,1.0296194171811581,2,1,0,0,1,0
11,3.828641396489095,0.1823215567939546,2.379546134130174,0.47000362924573563,0.015873349156290163,0.06391332574365285,0.07881118042428985,0.5630384952129249,1.0986122886681098,2,1,0,0,1,0
8,0.0,0.0,1.3862943611198906,0.0,0.0,0.0,0.0,0.0,0.6931471805599453,2,0,0,1,0,0
7,4.51085950651685,0.1823215567939546,2.995732273553991,0.6931471805599453,0.02176149178151271,0.08250122151174377,0.10255658832509215,0.9138878472578447,1.33500106673234,4,0,0,0,1,0
10,3.4531571205928664,0.0,2.3978952727983707,0.1823215567939546,0.0,0.050693114315518165,0.050693114315518165,0.412109650826833,1.0986122886681098,2,0,0,0,1,0
4,3.8066624897703196,0.0,1.791759469228055,0.5108256237659906,0.0,0.048790164169431834,0.048790164169431834,0.7047463164032972,1.203972804325936,2,1,0,0,0,1
2,3.295836866004329,0.0,2.302585092994046,0.0,0.23901690047049992,0.0,0.23901690047049992,0.9707789171582247,0.6931471805599453,2,1,0,1,0,0
2,4.51085950651685,0.0,2.6390573296152584,0.6931471805599453,0.02955880224154443,0.01980262729617973,0.04879016416943204,1.4906543764441333,1.3862943611198906,2,1,0,0,1,0
6,0.0,0.0,1.3862943611198906,0.0,0.0,0.0,0.0,0.0,0.6931471805599453,4,0,0,0,0,1
4,0.0,0.0,1.3862943611198906,0.0,0.0,0.0,0.0,0.0,0.6931471805599453,3,0,0,0,1,0
8,2.028148247292285,0.0,1.6094379124341003,0.0,0.05259245011917063,0.003992021269537457,0.05638033343610769,0.050693114315518165,0.8754687373538999,4,0,0,0,0,1
6,3.339321977944068,0.0,2.533696813957432,0.1823215567939546,0.211880359035499,0.050693114315518165,0.2530906276821619,0.4799539600989037,1.5260563034950492,3,0,0,0,1,0
11,3.9512437185814275,0.1823215567939546,2.681021528714291,0.47000362924573563,0.0,0.05638033343610769,0.05638033343610769,0.6554453133759337,1.4350845252893227,2,1,0,1,0,0
6,0.0,0.0,1.3862943611198906,0.0,0.0,0.0,0.0,0.0,0.6931471805599453,3,1,0,0,1,0
3,4.034240638152395,0.0,2.302585092994046,0.4054651081081644,0.0,0.0,0.0,0.7770286645406473,1.252762968495368,5,1,0,1,0,0
2,1.6094379124341003,0.0,3.1354942159291497,0.0,0.0,0.25464221837358075,0.25464221837358075,0.27763173659827955,1.791759469228055,5,0,0,0,1,0
4,0.0,0.0,1.3862943611198906,0.0,0.0,0.0,0.0,0.0,0.6931471805599453,2,1,1,0,0,0
11,3.407841924380824,0.0,2.0014800002101243,0.3364722366212129,0.005982071677547469,0.015873349156290163,0.02176149178151271,0.2806574575148165,0.8754687373538999,5,0,0,0,1,0
4,4.473541743509655,0.0,3.295836866004329,0.6931471805599453,0.19611487892629037,0.2725684346417327,0.425267735404344,1.169381359556317,1.8458266904983307,4,1,0,0,1,0
2,0.0,0.0,1.3862943611198906,0.0,0.0,0.0,0.0,0.0,0.6931471805599453,3,1,0,0,1,0
4,4.238925791033208,0.28768207245178085,2.70805020110221,0.6931471805599453,0.0,0.08311490671050659,0.08311490671050659,0.8642954367557746,1.2992829841302609,4,1,0,0,1,0
9,3.9740583963475986,0.1823215567939546,2.5649493574615367,0.5877866649021191,0.007968169649176881,0.013902905168991434,0.02176149178151271,0.6302073807860712,1.33500106673234,2,1,0,1,0,0
3,0.0,0.0,1.3862943611198906,0.0,0.0,0.0,0.0,0.0,0.6931471805599453,2,0,1,0,0,0
2,0.0,0.0,1.3862943611198906,0.0,0.0,0.0,0.0,0.0,0.6931471805599453,5,0,0,0,1,0
9,4.290459441148391,0.0,2.5494451709255714,0.6931471805599453,0.071389996086673,0.011928570865273812,0.08250122151174377,0.7476353658440151,1.2809338454620642,2,0,0,1,0,0
3,0.0,0.0,1.3862943611198906,0.0,0.0,0.0,0.0,0.0,0.6931471805599453,4,0,0,0,1,0
7,3.708682081410116,0.0,2.501435951739211,0.1823215567939546,0.10436001532424286,0.060153922819747144,0.1587116911548208,0.4485245975686114,1.4816045409242156,3,1,0,0,1,0
3,1.9459101490553132,0.0,1.5040773967762742,0.0,0.058268908123975824,0.0,0.058268908123975824,0.3852624007906449,0.9162907318741551,3,0,0,0,0,1
8,4.51085950651685,0.0,2.8791984572980396,0.6931471805599453,0.08801087732271337,0.05259245011917063,0.13627761829254775,0.9962103550500283,1.0296194171811581,4,1,0,1,0,0
2,0.0,0.0,1.3862943611198906,0.0,0.0,0.0,0.0,0.0,0.6931471805599453,2,0,0,1,0,0
3,0.0,0.0,1.3862943611198906,0.0,0.0,0.0,0.0,0.0,0.6931471805599453,4,1,0,0,1,0
2,4.219507705176107,0.0,4.007333185232471,0.6931471805599453,0.5653138090500605,0.01980262729617973,0.5766133643039938,0.9162907318741551,2.70805020110221,5,0,0,0,0,1
7,4.007333185232471,0.0,2.6100697927420065,0.47000362924573563,0.031498667059371016,0.06578774053800295,0.09531017980432493,0.6216511788548753,1.1631508098056809,4,0,0,0,1,0
10,3.996364153861897,0.3364722366212129,2.3978952727983707,0.47000362924573563,0.10616019582839073,0.16041672140590466,0.2515366258154277,0.7188149273085231,1.3862943611198906,3,1,0,0,1,0
5,4.51085950651685,0.4054651081081644,3.367295829986474,0.6931471805599453,0.0,0.0,0.0,0.9192862408539535,1.9810014688665833,2,1,1,0,0,0
10,3.126760535960395,0.0,2.6390573296152584,0.3364722366212129,0.30010459245033816,0.011928570865273812,0.3089542077273207,0.2608246182818983,1.5686159179138452,2,1,0,0,0,1
3,4.51085950651685,0.4054651081081644,3.068052935133617,0.6931471805599453,0.0,0.004987541511038968,0.004987541511038968,0.7514160886839212,1.791759469228055,2,1,1,0,0,0
9,0.0,0.0,1.3862943611198906,0.0,0.0,0.0,0.0,0.0,0.6931471805599453,3,0,0,1,0,0
6,4.314817884980432,0.1823215567939546,3.0633909220278057,0.5877866649021191,0.025667746748577813,0.08984070399978954,0.11332868530700327,0.5822156198526637,1.5686159179138452,2,1,0,1,0,0
9,4.51085950651685,0.0,2.8449093838194073,0.6931471805599453,0.01980262729617951,0.011928570865273812,0.031498667059371016,1.2629961447753972,1.4350845252893227,3,1,0,0,1,0
2,4.51085950651685,0.0,3.1354942159291497,0.6931471805599453,0.01980262729617973,0.0,0.01980262729617973,0.8960880245566357,1.3862943611198906,2,0,0,1,0,0
2,0.0,0.0,1.3862943611198906,0.0,0.0,0.0,0.0,0.0,0.6931471805599453,3,0,1,0,0,0
4,0.0,0.0,1.3862943611198906,0.0,0.0,0.0,0.0,0.0,0.6931471805599453,3,0,0,0,1,0
5,0.0,0.0,1.3862943611198906,0.0,0.0,0.0,0.0,0.0,0.6931471805599453,3,1,1,0,0,0
2,0.0,0.0,1.3862943611198906,0.0,0.0,0.0,0.0,0.0,0.6931471805599453,2,0,0,0,1,0
8,4.51085950651685,0.0,2.9444389791664403,0.7884573603642703,0.0,0.003992021269537457,0.003992021269537457,1.0050339417085437,1.3862943611198906,3,1,1,0,0,0
10,3.380994674344636,0.0,2.501435951739211,0.0,0.34642256747438094,0.04688358589885046,0.37980536132758674,0.32930374714260047,1.6094379124341003,2,1,0,0,1,0
4,0.0,0.0,1.3862943611198906,0.0,0.0,0.0,0.0,0.0,0.6931471805599453,4,0,0,1,0,0
5,0.0,0.0,1.3862943611198906,0.0,0.0,0.0,0.0,0.0,0.6931471805599453,5,1,0,0,1,0
4,4.110873864173311,0.28768207245178085,2.995732273553991,0.5108256237659906,0.0,0.1570037488096647,0.1570037488096647,0.8572481912403718,1.3862943611198906,4,0,0,1,0,0
11,4.389498649512583,0.3364722366212129,2.954910279033736,0.6931471805599453,0.10074990310014315,0.3307415619122278,0.40413088509502776,0.5687171021817683,1.5686159179138452,3,1,0,0,1,0
11,4.45898767581001,0.3364722366212129,2.8094026953624978,0.6931471805599453,0.0,0.06578774053800295,0.06578774053800295,0.7109870986882764,1.3862943611198906,2,0,0,0,1,0
8,0.0,0.0,1.3862943611198906,0.0,0.0,0.0,0.0,0.0,0.6931471805599453,3,1,0,0,1,0
5,4.081765780015241,0.0,0.9162907318741551,0.5596157879354227,0.069992371820035,0.014888612493750559,0.08388148398070203,0.9222728035517024,1.0986122886681098,3,0,0,0,0,1
8,4.449685283147696,0.1823215567939546,2.833213344056216,0.6931471805599453,0.2515366258154277,0.035367143837291344,0.27914574142949444,0.8188983858655056,1.6094379124341003,3,1,0,0,1,0
11,0.0,0.0,1.3862943611198906,0.0,0.0,0.0,0.0,0.0,0.6931471805599453,2,0,1,0,0,0
4,0.0,0.0,1.3862943611198906,0.0,0.0,0.0,0.0,0.0,0.6931471805599453,2,1,0,1,0,0
11,4.456670177669648,0.0,2.760009940032921,0.7884573603642703,0.347835995271528,0.044973365642731196,0.37980536132758674,1.1835659945482735,1.916922612182061,4,1,0,0,0,1
10,2.975529566236472,0.1823215567939546,1.6863989535702288,0.3364722366212129,0.011928570865273812,0.003992021269537457,0.015873349156290163,0.07881118042428985,1.0296194171811581,2,0,0,0,1,0
5,4.123093975508087,0.22314355131420976,2.9041650800285006,0.5596157879354227,0.2151113796169455,0.004987541511038968,0.219135529916671,1.3513146422238638,1.6094379124341003,2,1,0,1,0,0
11,2.341805806147327,0.0,1.7578579175523736,0.0,0.009950330853168092,0.02761516703297339,0.03729578474369693,0.28367405105424215,0.8754687373538999,3,1,0,0,1,0
6,0.0,0.0,1.3862943611198906,0.0,0.0,0.0,0.0,0.0,0.6931471805599453,2,1,0,0,0,1
9,1.4350845252893227,0.0,1.4816045409242156,0.0,0.0,0.001998002662673058,0.001998002662673058,0.025667746748577813,0.7884573603642703,3,0,0,0,1,0
10,4.189654742026425,0.3364722366212129,1.8870696490323797,0.47000362924573563,0.0695260626486103,0.05259245011917063,0.11867152971749854,0.9368773654825434,1.4350845252893227,3,1,0,0,0,1
9,4.51085950651685,0.1823215567939546,3.0726933146901194,0.6931471805599453,0.06765864847381466,0.013902905168991434,0.08065790301745433,0.9470139045169957,1.8870696490323797,2,1,0,1,0,0
3,0.0,0.0,1.3862943611198906,0.0,0.0,0.0,0.0,0.0,0.6931471805599453,2,0,0,0,0,1
6,3.775057150354989,0.0,1.6486586255873816,0.3364722366212129,0.06765864847381466,0.11689375147149943,0.1773090149704103,0.6184236343640089,1.1631508098056809,3,0,0,0,1,0
7,0.0,0.0,1.3862943611198906,0.0,0.0,0.0,0.0,0.0,0.6931471805599453,2,1,0,0,1,0
9,3.4339872044851463,0.0,2.4336133554004498,0.3364722366212129,0.0,0.001998002662673058,0.001998002662673058,0.3688011237365729,1.0986122886681098,2,0,0,1,0,0
6,4.51085950651685,0.3364722366212129,3.0155349008501706,0.6931471805599453,0.023716526617316065,0.050693114315518165,0.07325046173959274,1.2985554468118838,1.5686159179138452,2,0,0,1,0,0
11,4.02535169073515,0.0,2.517696472610991,0.47000362924573563,0.003992021269537457,0.011928570865273812,0.015873349156290163,0.6312717768418579,1.0296194171811581,2,0,0,1,0,0
6,0.0,0.0,1.3862943611198906,0.0,0.0,0.0,0.0,0.0,0.6931471805599453,4,1,0,0,0,1
7,0.4054651081081644,0.0,1.6094379124341003,0.0,0.0,0.0,0.0,0.004987541511038968,0.9162907318741551,2,1,0,0,1,0
4,4.386184644822546,0.28768207245178085,3.060270794691562,0.6931471805599453,0.28266953062823663,0.11926342082681755,0.37385976869283327,0.9122827104766164,1.6739764335716716,4,0,0,0,1,0
9,0.0,0.0,1.3862943611198906,0.0,0.0,0.0,0.0,0.0,0.6931471805599453,2,0,0,0,1,0
3,0.0,0.0,1.3862943611198906,0.0,0.0,0.0,0.0,0.0,0.6931471805599453,2,1,1,0,0,0
2,0.0,0.0,1.3862943611198906,0.0,0.0,0.0,0.0,0.0,0.6931471805599453,2,1,1,0,0,0
2,4.51085950651685,0.0,2.4849066497880004,0.6931471805599453,0.0,0.02955880224154443,0.02955880224154443,0.7793248768009975,1.0986122886681098,2,0,0,1,0,0
3,4.51085950651685,0.4054651081081644,3.295836866004329,0.6931471805599453,0.01980262729617973,0.10436001532424286,0.12221763272424911,0.6205764877251098,1.791759469228055,2,1,0,1,0,0
11,2.2823823856765264,0.0,1.33500106673234,0.0,0.054488185284069776,0.0,0.054488185284069776,0.13627761829254775,0.7884573603642703,3,1,0,0,0,1
10,0.0,0.0,1.3862943611198906,0.0,0.0,0.0,0.0,0.0,0.6931471805599453,3,1,0,0,0,1
10,0.0,0.0,1.3862943611198906,0.0,0.0,0.0,0.0,0.0,0.6931471805599453,3,0,0,0,0,1
6,4.174387269895637,0.0,1.791759469228055,0.5877866649021191,0.05259245011917063,0.013902905168991434,0.06578774053800295,0.8492958630498767,1.2237754316221157,2,1,0,0,1,0
4,0.0,0.0,1.3862943611198906,0.0,0.0,0.0,0.0,0.0,0.6931471805599453,3,1,0,1,0,0
3,4.51085950651685,0.0,3.1570004211501135,0.6931471805599453,0.0,0.0,0.0,1.0134174426048779,1.5040773967762742,2,1,1,0,0,0
6,2.9444389791664403,0.0,1.791759469228055,0.1823215567939546,0.003992021269537457,0.001998002662673058,0.005982071677547469,0.13453089295760606,0.8754687373538999,3,1,0,1,0,0
4,0.0,0.0,1.3862943611198906,0.0,0.0,0.0,0.0,0.0,0.6931471805599453,3,0,1,0,0,0
11,3.054001181677967,0.0,1.6094379124341003,0.3364722366212129,0.02176149178151271,0.005982071677547469,0.02761516703297339,0.7168637071772613,0.6931471805599453,2,0,0,0,1,0
6,4.493120682179469,0.3364722366212129,3.0819099697950434,0.6931471805599453,0.29266961396282004,0.08801087732271337,0.3590720685384538,0.5341514490694873,1.9459101490553132,3,1,0,0,1,0
7,0.0,0.0,1.3862943611198906,0.0,0.0,0.0,0.0,0.0,0.6931471805599453,2,0,0,1,0,0
8,2.6390573296152584,0.1823215567939546,1.5260563034950492,0.1823215567939546,0.013902905168991434,0.0,0.013902905168991434,0.1097508639591191,0.9555114450274363,2,1,0,0,1,0
3,0.0,0.0,1.3862943611198906,0.0,0.0,0.0,0.0,0.0,0.6931471805599453,2,0,0,0,1,0
3,0.0,0.0,1.3862943611198906,0.0,0.0,0.0,0.0,0.0,0.6931471805599453,4,0,0,1,0,0
5,0.0,0.0,1.3862943611198906,0.0,0.0,0.0,0.0,0.0,0.6931471805599453,4,0,0,0,1,0
2,4.51085950651685,0.6931471805599453,3.7376696182833684,0.6931471805599453,0.4382549309311553,0.0,0.4382549309311553,1.184789984909162,2.772588722239781,3,0,0,1,0,0
4,4.386184644822546,0.28768207245178085,2.751535313041949,0.6931471805599453,0.009950330853168092,0.032789822822990755,0.042420715883952055,0.546192767603282,1.466337068793427,2,1,0,1,0,0
11,0.0,0.0,1.3862943611198906,0.0,0.0,0.0,0.0,0.0,0.6931471805599453,3,1,1,0,0,0
5,0.0,0.0,1.3862943611198906,0.0,0.0,0.0,0.0,0.0,0.6931471805599453,2,0,1,0,0,0
7,0.0,0.0,1.3862943611198906,0.0,0.0,0.0,0.0,0.0,0.6931471805599453,2,1,0,0,0,1
11,0.0,0.0,1.3862943611198906,0.0,0.0,0.0,0.0,0.0,0.6931471805599453,4,1,0,0,1,0
7,0.0,0.0,1.3862943611198906,0.0,0.0,0.0,0.0,0.0,0.6931471805599453,3,1,0,0,1,0
7,0.0,0.0,1.3862943611198906,0.0,0.0,0.0,0.0,0.0,0.6931471805599453,2,0,0,1,0,0
2,4.477336814478207,0.0,3.1780538303479458,0.6931471805599453,0.009950330853168092,0.02955880224154443,0.03922071315328133,0.9001613499442714,1.3862943611198906,3,1,0,0,1,0
7,2.151762203259462,0.0,1.8562979903656263,0.0,0.0,0.003992021269537457,0.003992021269537457,0.26236426446749106,0.8754687373538999,3,1,0,0,1,0
3,3.295836866004329,0.0,1.791759469228055,0.0,0.03440142671733232,0.004987541511038968,0.03922071315328133,0.2851789422336623,1.0986122886681098,2,1,0,0,1,0
10,4.51085950651685,0.1823215567939546,2.9338568698359038,0.6931471805599453,0.0,0.05259245011917063,0.05259245011917063,0.7802418874108791,1.4350845252893227,3,0,0,1,0,0
2,0.0,0.0,1.3862943611198906,0.0,0.0,0.0,0.0,0.0,0.6931471805599453,3,0,0,0,0,1
11,2.975529566236472,0.0,1.6863989535702288,0.1823215567939546,0.023716526617316065,0.015873349156290163,0.03922071315328133,0.5164100020598913,0.8754687373538999,2,1,0,0,1,0
4,0.0,0.0,1.3862943611198906,0.0,0.0,0.0,0.0,0.0,0.6931471805599453,3,1,0,1,0,0
2,4.30406509320417,0.6931471805599453,2.772588722239781,0.6931471805599453,0.03922071315328133,0.10436001532424286,0.13976194237515863,0.34358970439007686,1.6094379124341003,2,0,0,0,1,0
7,3.4531571205928664,0.1823215567939546,2.451005098112319,0.3364722366212129,0.013902905168991434,0.07325046173959274,0.08617769624105241,0.6108519378331152,1.33500106673234,4,1,0,0,1,0
3,4.219507705176107,0.4054651081081644,2.772588722239781,0.6931471805599453,0.0,0.07232066157962608,0.07232066157962608,0.506817602368452,1.252762968495368,2,1,0,0,1,0
5,4.3694478524670215,0.0,2.2512917986064953,0.6931471805599453,0.11778303565638346,0.06297479916138839,0.17395330712343798,1.2520484275574992,1.252762968495368,2,1,0,0,0,1
10,2.517696472610991,0.0,1.2809338454620642,0.0,0.017839918128331016,0.007968169649176881,0.025667746748577813,0.406797553341943,0.8754687373538999,4,0,0,0,1,0
11,0.0,0.0,1.3862943611198906,0.0,0.0,0.0,0.0,0.0,0.6931471805599453,2,0,0,0,1,0
6,0.0,0.0,1.3862943611198906,0.0,0.0,0.0,0.0,0.0,0.6931471805599453,3,0,0,1,0,0
6,4.007333185232471,0.0,2.760009940032921,0.47000362924573563,0.0,0.0,0.0,0.6386909947638865,1.2809338454620642,2,1,1,0,0,0
9,0.0,0.0,1.3862943611198906,0.0,0.0,0.0,0.0,0.0,0.6931471805599453,2,1,0,1,0,0
11,0.0,0.0,1.3862943611198906,0.0,0.0,0.0,0.0,0.0,0.6931471805599453,3,1,0,1,0,0
8,0.0,0.0,1.3862943611198906,0.0,0.0,0.0,0.0,0.0,0.6931471805599453,2,0,0,1,0,0
3,2.1972245773362196,0.0,2.970414465569701,0.0,0.2429461786103894,0.0,0.2429461786103894,0.014888612493750559,1.7047480922384253,2,0,0,0,0,1
4,0.0,0.0,1.3862943611198906,0.0,0.0,0.0,0.0,0.0,0.6931471805599453,3,0,0,0,1,0
3,0.4054651081081644,0.0,1.7047480922384253,0.0,0.0,0.0,0.0,0.0,0.9162907318741551,3,0,0,1,0,0
7,3.2733640101522705,0.1823215567939546,2.2823823856765264,0.1823215567939546,0.031498667059371016,0.005982071677547469,0.03729578474369693,0.4265740713183996,1.2237754316221157,5,1,0,1,0,0
5,4.454347296253507,0.22314355131420976,2.7245795030534206,0.6931471805599453,0.3920420877760237,0.09075436326846412,0.4542552722775964,0.9858167945227652,1.6094379124341003,4,1,0,0,0,1
5,4.445588116163626,0.0,2.6567569067146595,0.6931471805599453,0.024692612590371414,0.0,0.024692612590371414,1.2074666935801919,1.0986122886681098,3,0,0,1,0,0
10,3.367295829986474,0.1823215567939546,1.8870696490323797,0.1823215567939546,0.1939206926373065,0.044973365642731196,0.23111172096338664,0.3811724155391198,1.2237754316221157,3,0,0,0,0,1
11,0.0,0.0,1.3862943611198906,0.0,0.0,0.0,0.0,0.0,0.6931471805599453,3,1,0,0,1,0
3,2.772588722239781,0.0,0.0,0.0,0.01980262729617973,0.02955880224154443,0.04879016416943204,0.521765563804325,0.0,3,1,0,0,1,0
3,3.6506582412937387,0.0,1.9459101490553132,0.4054651081081644,0.0,0.0,0.0,0.7747271675523681,0.6931471805599453,3,0,0,1,0,0
11,0.0,0.0,1.3862943611198906,0.0,0.0,0.0,0.0,0.0,0.6931471805599453,2,0,0,0,1,0
2,0.0,0.0,1.3862943611198906,0.0,0.0,0.0,0.0,0.0,0.6931471805599453,3,0,0,0,0,1
5,1.7047480922384253,0.0,1.6094379124341003,0.0,0.0,0.0,0.0,0.13758566295256314,0.6931471805599453,2,1,0,1,0,0
7,1.6486586255873816,0.0,1.791759469228055,0.0,0.0,0.001998002662673058,0.001998002662673058,0.17898265552843995,1.0296194171811581,2,1,0,0,0,1
11,4.183575695950044,0.3364722366212129,2.2192034840549946,0.5877866649021191,0.16551443847757333,0.04879016416943204,0.20701416938432612,0.5709795465857378,1.3862943611198906,4,0,0,0,0,1
2,0.0,0.0,1.3862943611198906,0.0,0.0,0.0,0.0,0.0,0.6931471805599453,4,1,0,0,1,0
10,3.109060958860994,0.0,1.916922612182061,0.1823215567939546,0.0,0.0,0.0,0.5446471722415014,0.9555114450274363,3,1,0,1,0,0
8,0.0,0.0,1.3862943611198906,0.0,0.0,0.0,0.0,0.0,0.6931471805599453,2,1,0,1,0,0
5,0.0,0.0,1.3862943611198906,0.0,0.0,0.0,0.0,0.0,0.6931471805599453,2,1,1,0,0,0
5,0.0,0.0,1.3862943611198906,0.0,0.0,0.0,0.0,0.0,0.6931471805599453,2,0,0,0,1,0
6,0.0,0.0,1.3862943611198906,0.0,0.0,0.0,0.0,0.0,0.6931471805599453,2,0,0,0,1,0
11,0.0,0.0,1.3862943611198906,0.0,0.0,0.0,0.0,0.0,0.6931471805599453,3,1,0,0,1,0
8,3.858622228701031,0.0,2.533696813957432,0.47000362924573563,0.01980262729617973,0.058268908123975824,0.0769610411361284,0.3148107398400336,1.0986122886681098,4,0,0,0,1,0
3,0.0,0.0,1.3862943611198906,0.0,0.0,0.0,0.0,0.0,0.6931471805599453,2,1,0,1,0,0
8,3.1986731175506815,0.22314355131420976,2.691243082785829,0.22314355131420976,0.0,0.03440142671733232,0.03440142671733232,0.38014730012387443,1.6094379124341003,3,1,0,1,0,0
3,0.0,0.0,1.3862943611198906,0.0,0.0,0.0,0.0,0.0,0.6931471805599453,2,0,0,1,0,0
4,4.51085950651685,0.5108256237659906,3.4011973816621555,0.6931471805599453,0.013245226750020505,0.013245226750020505,0.026317308317373358,0.9400072584914709,1.8971199848858813,2,0,0,1,0,0
7,2.302585092994046,0.0,1.7227665977411035,0.0,0.0,0.001998002662673058,0.001998002662673058,0.14323416808590775,0.8754687373538999,2,0,0,0,1,0
7,0.0,0.0,1.3862943611198906,0.0,0.0,0.0,0.0,0.0,0.6931471805599453,3,1,0,1,0,0
4,0.0,0.0,1.3862943611198906,0.0,0.0,0.0,0.0,0.0,0.6931471805599453,3,0,0,0,1,0
7,3.4719664525503626,0.1823215567939546,2.833213344056216,0.1823215567939546,0.19721016928770527,0.17898265552843995,0.34642256747438094,0.5911144549947938,1.824549292051046,3,1,0,0,1,0
9,3.7612001156935624,0.0,2.1972245773362196,0.47000362924573563,0.03922071315328133,0.2530906276821619,0.28367405105424215,0.6216511788548753,0.6931471805599453,3,1,0,0,1,0
3,1.0986122886681098,0.0,2.6026896854443837,0.0,0.0,0.13540463700620298,0.13540463700620298,0.14842000511827322,1.3862943611198906,4,1,0,0,1,0
3,0.0,0.0,1.3862943611198906,0.0,0.0,0.0,0.0,0.0,0.6931471805599453,3,1,0,0,0,1
2,3.7376696182833684,0.0,2.0794415416798357,0.0,0.06765864847381486,0.009950330853168092,0.0769610411361284,0.45107561936021656,1.0986122886681098,2,0,0,0,1,0
10,4.152613470346076,0.1823215567939546,2.533696813957432,0.5877866649021191,0.05638033343610769,0.02955880224154443,0.08434114843375096,0.9050275395954444,1.4816045409242156,4,0,0,0,1,0
9,4.51085950651685,0.0,2.954910279033736,0.7884573603642703,0.02955880224154443,0.08065790301745454,0.10795714150509217,0.9976863700781492,1.3862943611198906,2,0,0,0,1,0
3,4.400603020246817,0.0,3.332204510175204,0.6931471805599453,0.4855078157817008,0.12221763272424911,0.5624688569178291,0.7608058290337599,2.2512917986064953,4,0,0,0,1,0
7,4.028916756899646,0.1823215567939546,1.7578579175523736,0.47000362924573563,0.1327811112338184,0.04688358589885046,0.17395330712343798,0.4637340162321402,1.1631508098056809,2,0,0,0,1,0
10,3.6428355156125294,0.0,2.174751721484161,0.3364722366212129,0.009950330853168092,0.08250122151174377,0.09166718852582387,0.4774756440844366,1.1631508098056809,2,0,0,0,1,0
6,4.51085950651685,0.1823215567939546,3.1354942159291497,0.6931471805599453,0.005982071677547469,0.08065790301745454,0.08617769624105241,0.9562803800903137,1.6863989535702288,2,1,0,1,0,0
5,1.6094379124341003,0.0,1.791759469228055,0.0,0.0,0.004987541511038968,0.004987541511038968,0.02955880224154443,0.8109302162163288,2,1,0,0,1,0
9,0.0,0.0,1.3862943611198906,0.0,0.0,0.0,0.0,0.0,0.6931471805599453,2,0,0,0,1,0
6,0.0,0.0,1.3862943611198906,0.0,0.0,0.0,0.0,0.0,0.6931471805599453,2,1,0,0,1,0
7,0.0,0.0,1.3862943611198906,0.0,0.0,0.0,0.0,0.0,0.6931471805599453,4,0,0,0,1,0
4,3.7534179752515073,0.0,2.456735772821304,0.5108256237659906,0.026317308317373358,0.06140862812864342,0.08617769624105241,0.5027934520687264,1.3862943611198906,2,1,0,0,1,0
7,0.0,0.0,1.3862943611198906,0.0,0.0,0.0,0.0,0.0,0.6931471805599453,3,1,1,0,0,0
8,0.0,0.0,1.3862943611198906,0.0,0.0,0.0,0.0,0.0,0.6931471805599453,2,0,0,0,1,0
6,0.0,0.0,1.3862943611198906,0.0,0.0,0.0,0.0,0.0,0.6931471805599453,3,1,0,0,1,0
9,4.51085950651685,0.1823215567939546,3.288401887516811,0.6931471805599453,0.054488185284069776,0.14149956227369942,0.18896609951262316,0.6460555730260947,1.9459101490553132,4,0,0,1,0,0
5,0.0,0.0,1.3862943611198906,0.0,0.0,0.0,0.0,0.0,0.6931471805599453,2,0,1,0,0,0
2,4.3694478524670215,0.6931471805599453,3.58351893845611,0.6931471805599453,0.2700271372130602,0.009950330853168092,0.27763173659827955,0.20701416938432612,2.1972245773362196,4,1,0,1,0,0
7,2.975529566236472,0.0,1.7227665977411035,0.1823215567939546,0.0,0.005982071677547469,0.005982071677547469,0.28968007511445387,0.6931471805599453,3,1,0,1,0,0
8,0.0,0.0,1.3862943611198906,0.0,0.0,0.0,0.0,0.0,0.6931471805599453,5,1,0,0,1,0
5,0.0,0.0,1.3862943611198906,0.0,0.0,0.0,0.0,0.0,0.6931471805599453,2,1,0,0,1,0
5,0.0,0.0,1.3862943611198906,0.0,0.0,0.0,0.0,0.0,0.6931471805599453,4,1,0,0,1,0
7,0.0,0.0,1.3862943611198906,0.0,0.0,0.0,0.0,0.0,0.6931471805599453,2,0,1,0,0,0
10,0.0,0.0,1.3862943611198906,0.0,0.0,0.0,0.0,0.0,0.6931471805599453,3,1,0,0,0,1
2,3.4011973816621555,0.0,1.3862943611198906,0.0,0.01980262729617973,0.009950330853168092,0.02955880224154443,0.8109302162163288,1.0986122886681098,3,0,0,0,1,0
9,0.0,0.0,1.3862943611198906,0.0,0.0,0.0,0.0,0.0,0.6931471805599453,3,0,0,0,0,1
3,4.394449154672439,0.0,2.833213344056216,0.6931471805599453,0.06297479916138839,0.03922071315328133,0.09984533496971612,1.0402767116551463,0.9162907318741551,2,0,0,1,0,0
6,3.92395157629342,0.0,2.6390573296152584,0.47000362924573563,0.0,0.04879016416943204,0.04879016416943204,0.9329511727672622,1.2237754316221157,3,0,0,1,0,0
6,0.0,0.0,1.3862943611198906,0.0,0.0,0.0,0.0,0.0,0.6931471805599453,2,1,1,0,0,0
8,0.0,0.0,1.3862943611198906,0.0,0.0,0.0,0.0,0.0,0.6931471805599453,4,1,0,0,1,0
5,0.0,0.0,1.3862943611198906,0.0,0.0,0.0,0.0,0.0,0.6931471805599453,2,1,0,1,0,0
3,0.0,0.0,1.3862943611198906,0.0,0.0,0.0,0.0,0.0,0.6931471805599453,2,1,0,1,0,0
9,0.0,0.0,1.3862943611198906,0.0,0.0,0.0,0.0,0.0,0.6931471805599453,2,1,1,0,0,0
11,0.0,0.0,1.3862943611198906,0.0,0.0,0.0,0.0,0.0,0.6931471805599453,2,0,0,1,0,0
10,1.5260563034950492,0.0,1.4816045409242156,0.0,0.0,0.0,0.0,0.0,0.7884573603642703,3,0,0,0,1,0
11,0.0,0.0,1.3862943611198906,0.0,0.0,0.0,0.0,0.0,0.6931471805599453,2,1,0,0,0,1
2,0.0,0.0,1.3862943611198906,0.0,0.0,0.0,0.0,0.0,0.6931471805599453,2,1,0,1,0,0
7,0.0,0.0,1.3862943611198906,0.0,0.0,0.0,0.0,0.0,0.6931471805599453,2,1,0,0,1,0
3,4.51085950651685,0.4054651081081644,3.1570004211501135,0.6931471805599453,0.058268908123975824,0.014888612493750559,0.07232066157962608,1.4504421809436425,1.8718021769015913,4,0,0,1,0,0
2,0.0,0.0,1.3862943611198906,0.0,0.0,0.0,0.0,0.0,0.6931471805599453,2,1,0,0,0,1
10,2.681021528714291,0.1823215567939546,2.2192034840549946,0.1823215567939546,0.0,0.001998002662673058,0.001998002662673058,0.06765864847381466,1.2237754316221157,4,0,0,1,0,0
3,3.6888794541139363,0.4054651081081644,2.995732273553991,0.4054651081081644,0.14410034397375687,0.004987541511038968,0.14842000511827322,0.10885440491208208,1.7047480922384253,2,0,0,1,0,0
3,0.0,0.0,1.3862943611198906,0.0,0.0,0.0,0.0,0.0,0.6931471805599453,2,1,0,1,0,0
7,0.0,0.0,1.3862943611198906,0.0,0.0,0.0,0.0,0.0,0.6931471805599453,3,1,0,0,0,1
3,0.0,0.0,1.3862943611198906,0.0,0.0,0.0,0.0,0.0,0.6931471805599453,4,0,0,1,0,0
4,0.0,0.0,1.3862943611198906,0.0,0.0,0.0,0.0,0.0,0.6931471805599453,3,1,0,0,1,0
9,4.51085950651685,0.1823215567939546,3.5085558999826545,0.6931471805599453,0.6820862332005203,0.06578774053800315,0.7158866675294346,0.6173454671436633,2.2192034840549946,3,1,0,0,0,1
9,4.257030144499196,0.47000362924573563,2.9652730660692823,0.47000362924573563,0.1587116911548208,0.11689375147149943,0.25928259793008296,0.5247285289349821,1.8870696490323797,2,1,0,0,1,0
4,3.8066624897703196,0.0,2.2335922215070942,0.5108256237659906,0.016529301951210506,0.08311490671050659,0.09833590072086179,0.7047463164032972,0.9808292530117262,2,1,0,1,0,0
10,0.0,0.0,1.3862943611198906,0.0,0.0,0.0,0.0,0.0,0.6931471805599453,4,0,0,0,1,0
9,0.0,0.0,1.3862943611198906,0.0,0.0,0.0,0.0,0.0,0.6931471805599453,2,0,0,0,1,0
6,3.8628327612373745,0.0,1.0296194171811581,0.47000362924573563,0.056380333436107474,0.011928570865273812,0.06765864847381466,0.7938970836600883,1.0296194171811581,4,1,0,0,0,1
2,4.1588830833596715,0.0,2.5649493574615367,0.6931471805599453,0.01980262729617973,0.23111172096338664,0.2468600779315258,0.9360933591703348,1.0986122886681098,3,0,0,1,0,0
6,4.290459441148391,0.0,2.7212954278522306,0.5877866649021191,0.001998002662673058,0.04879016416943204,0.050693114315518165,0.973049065692764,1.1631508098056809,2,1,0,0,1,0
5,2.9041650800285006,0.0,2.6567569067146595,0.22314355131420976,0.02955880224154443,0.07464354299576571,0.10210522293715359,0.22114154864353672,1.55814461804655,2,1,0,0,1,0
3,0.0,0.0,1.3862943611198906,0.0,0.0,0.0,0.0,0.0,0.6931471805599453,3,0,0,0,1,0
11,0.0,0.0,1.3862943611198906,0.0,0.0,0.0,0.0,0.0,0.6931471805599453,5,0,0,0,1,0
7,3.7471483622379123,0.0,2.4849066497880004,0.47000362924573563,0.09349034308733897,0.01980262729617973,0.11154137473290732,0.7765687886990177,1.2237754316221157,3,0,0,1,0,0
3,3.901972669574645,0.4054651081081644,2.772588722239781,0.4054651081081644,0.03922071315328133,0.2700271372130602,0.30010459245033816,0.4285303810391606,1.7047480922384253,2,0,0,0,1,0
10,3.4011973816621555,0.0,1.7578579175523736,0.3364722366212129,0.0,0.005982071677547469,0.005982071677547469,0.5966362801791015,0.5877866649021191,4,0,0,1,0,0
3,3.332204510175204,0.0,2.3513752571634776,0.0,0.03922071315328133,0.0769610411361284,0.11332868530700327,0.44147554563119756,1.0986122886681098,2,1,0,0,1,0
5,4.366278277705742,0.22314355131420976,2.6741486494265287,0.6931471805599453,0.03440142671733232,0.022250608934819723,0.055907631938296086,0.965080896043587,1.252762968495368,4,1,0,0,1,0
10,0.0,0.0,1.3862943611198906,0.0,0.0,0.0,0.0,0.0,0.6931471805599453,3,0,0,1,0,0
7,4.406719247264253,0.0,2.747270914255491,0.6931471805599453,0.017839918128331016,0.06391332574365285,0.08065790301745454,0.8153648132841944,1.2809338454620642,2,1,0,0,1,0
6,0.0,0.0,1.3862943611198906,0.0,0.0,0.0,0.0,0.0,0.6931471805599453,2,1,0,0,0,1
7,0.0,0.0,1.3862943611198906,0.0,0.0,0.0,0.0,0.0,0.6931471805599453,4,0,1,0,0,0
3,4.460144413937834,0.4054651081081644,1.5040773967762742,0.6931471805599453,0.2851789422336623,0.03440142671733232,0.31115442863692305,1.0206507471983979,1.5040773967762742,2,1,0,0,1,0
7,4.4331949212482815,0.3364722366212129,2.9338568698359038,0.6931471805599453,0.003992021269537457,0.02955880224154443,0.033434776086237204,0.7333289701927771,1.4350845252893227,3,1,0,0,1,0
5,0.0,0.0,1.3862943611198906,0.0,0.0,0.0,0.0,0.0,0.6931471805599453,2,0,1,0,0,0
11,0.0,0.0,1.3862943611198906,0.0,0.0,0.0,0.0,0.0,0.6931471805599453,3,1,0,0,0,1
2,4.51085950651685,0.0,3.044522437723423,0.6931471805599453,0.0,0.0,0.0,0.8153648132841944,1.3862943611198906,2,0,1,0,0,0
11,4.366912996863833,0.3364722366212129,3.0726933146901194,0.6931471805599453,0.2199384203652614,0.0620353909194527,0.27002713721306004,0.4574248470388755,1.8562979903656263,2,1,0,0,0,1
3,1.791759469228055,0.0,1.5040773967762742,0.0,0.0,0.009950330853168092,0.009950330853168092,0.03440142671733232,0.9162907318741551,3,0,0,0,1,0
10,4.468204330914934,0.1823215567939546,2.9652730660692823,0.6931471805599453,0.2515366258154277,0.05638033343610769,0.2956502421009577,0.8162493776939287,1.6486586255873816,3,0,0,0,1,0
8,0.0,0.0,1.3862943611198906,0.0,0.0,0.0,0.0,0.0,0.6931471805599453,3,1,0,1,0,0
6,0.0,0.0,1.3862943611198906,0.0,0.0,0.0,0.0,0.0,0.6931471805599453,4,0,0,1,0,0
5,0.0,0.0,1.3862943611198906,0.0,0.0,0.0,0.0,0.0,0.6931471805599453,2,0,0,1,0,0
7,4.1588830833596715,0.1823215567939546,2.6100697927420065,0.47000362924573563,0.013902905168991434,0.023716526617316065,0.03729578474369693,0.9234649356221554,1.2809338454620642,4,1,0,0,1,0
7,0.0,0.0,1.3862943611198906,0.0,0.0,0.0,0.0,0.0,0.6931471805599453,3,0,0,0,0,1
8,2.772588722239781,0.0,1.7578579175523736,0.1823215567939546,0.06391332574365285,0.009950330853168092,0.07325046173959274,0.2183319943169877,0.8754687373538999,3,1,0,0,1,0
9,3.242592351485517,0.1823215567939546,1.5260563034950492,0.1823215567939546,0.003992021269537457,0.001998002662673058,0.005982071677547469,0.40945712937770185,0.9555114450274363,2,1,0,0,1,0
9,0.0,0.0,1.3862943611198906,0.0,0.0,0.0,0.0,0.0,0.6931471805599453,2,0,0,1,0,0
3,4.51085950651685,0.0,3.0204248861443626,0.6931471805599453,0.4478858239921165,0.07232066157962608,0.4946962418361071,1.1233049012584813,2.0794415416798357,3,1,0,0,0,1
2,0.0,0.0,1.3862943611198906,0.0,0.0,0.0,0.0,0.0,0.6931471805599453,4,1,0,0,1,0
3,0.0,0.0,1.3862943611198906,0.0,0.0,0.0,0.0,0.0,0.6931471805599453,3,0,0,0,1,0
11,4.51085950651685,0.3364722366212129,3.0349529867072724,0.6931471805599453,0.1839868361130158,0.23269776411902143,0.3811724155391198,0.7466879474879753,1.8562979903656263,3,1,0,0,1,0
3,4.3694478524670215,0.0,2.6026896854443837,0.6931471805599453,0.06297479916138839,0.0,0.06297479916138839,1.0986122886681098,1.7047480922384253,3,0,0,1,0,0
11,4.51085950651685,0.3364722366212129,3.332204510175204,0.6931471805599453,0.09166718852582387,0.017839918128331016,0.10795714150509236,0.8679404709331082,1.9740810260220096,2,1,0,1,0,0
9,0.0,0.0,1.3862943611198906,0.0,0.0,0.0,0.0,0.0,0.6931471805599453,4,0,0,1,0,0
5,0.0,0.0,1.3862943611198906,0.0,0.0,0.0,0.0,0.0,0.6931471805599453,4,1,1,0,0,0
3,4.143134726391533,0.0,2.2512917986064953,0.6931471805599453,0.0,0.004987541511038968,0.004987541511038968,0.8372475245337022,1.252762968495368,5,1,0,1,0,0
4,4.51085950651685,0.0,2.7300291078209855,0.6931471805599453,0.11630045569616063,0.02306527293099597,0.13685918271719735,1.0727245177159819,1.203972804325936,2,0,0,1,0,0
11,4.37449836825309,0.1823215567939546,3.0349529867072724,0.6931471805599453,0.17395330712343798,0.18564934688662926,0.3321773123383321,0.6397464038328301,2.028148247292285,2,0,0,0,1,0
3,4.448516375942715,0.6931471805599453,3.481240089335692,0.6931471805599453,0.41541543896133254,0.03440142671733232,0.4382549309311553,0.23111172096338664,2.2512917986064953,2,0,0,0,0,1
9,2.341805806147327,0.0,2.1041341542702074,0.0,0.0,0.023716526617316065,0.023716526617316065,0.0695260626486103,1.1631508098056809,3,1,0,0,1,0
10,4.456670177669648,0.0,2.0794415416798357,0.6931471805599453,0.071389996086673,0.02955880224154443,0.09893994785490365,1.12102588350501,1.33500106673234,4,0,0,0,0,1
11,2.9856819377004897,0.0,1.824549292051046,0.1823215567939546,0.033434776086237204,0.01980262729617973,0.05259245011917063,0.29117596170603677,0.9555114450274363,2,0,0,0,1,0
6,3.2809112157876537,0.1823215567939546,2.681021528714291,0.1823215567939546,0.017839918128331016,0.1380212978973746,0.15357908792830058,0.25773819607870885,1.5260563034950492,3,1,0,0,1,0
2,0.0,0.0,1.3862943611198906,0.0,0.0,0.0,0.0,0.0,0.6931471805599453,3,0,1,0,0,0
11,0.0,0.0,1.3862943611198906,0.0,0.0,0.0,0.0,0.0,0.6931471805599453,2,1,0,1,0,0
10,0.0,0.0,1.3862943611198906,0.0,0.0,0.0,0.0,0.0,0.6931471805599453,3,0,0,1,0,0
9,0.0,0.0,1.3862943611198906,0.0,0.0,0.0,0.0,0.0,0.6931471805599453,4,0,0,0,1,0
5,2.1972245773362196,0.0,1.6582280766035324,0.0,0.0,0.0,0.0,0.11332868530700327,0.9162907318741551,2,0,0,1,0,0
10,1.5260563034950492,0.0,1.791759469228055,0.0,0.007968169649176881,0.003992021269537457,0.011928570865273812,0.14496577025018564,0.9555114450274363,2,1,0,0,1,0
8,4.136765278106052,0.0,2.1041341542702074,0.5877866649021191,0.0,0.023716526617316065,0.023716526617316065,0.7294791098073355,1.1631508098056809,3,1,0,1,0,0
5,0.0,0.0,1.3862943611198906,0.0,0.0,0.0,0.0,0.0,0.6931471805599453,3,1,0,0,1,0
5,2.456735772821304,0.0,1.6739764335716716,0.0,0.03922071315328133,0.0,0.03922071315328133,0.587786664902119,1.0986122886681098,2,1,0,0,1,0
6,0.0,0.0,1.3862943611198906,0.0,0.0,0.0,0.0,0.0,0.6931471805599453,2,1,0,0,0,1
9,0.0,0.0,1.3862943611198906,0.0,0.0,0.0,0.0,0.0,0.6931471805599453,3,0,1,0,0,0
6,0.0,0.0,1.3862943611198906,0.0,0.0,0.0,0.0,0.0,0.6931471805599453,2,0,0,0,1,0
10,0.0,0.0,1.3862943611198906,0.0,0.0,0.0,0.0,0.0,0.6931471805599453,2,0,0,1,0,0
9,4.470495282661489,0.1823215567939546,3.005682604407159,0.6931471805599453,0.0620353909194527,0.015873349156290163,0.0769610411361284,0.757060506303598,1.4350845252893227,2,1,0,1,0,0
6,4.007333185232471,0.0,2.533696813957432,0.47000362924573563,0.04688358589885046,0.02955880224154443,0.07510747248680548,0.521171915820135,0.9555114450274363,3,0,0,1,0,0
4,3.4446824936018943,0.0,2.1594842493533726,0.28768207245178085,0.1013524942602875,0.009950330853168092,0.11034805716886541,0.2337537304262252,0.9808292530117262,3,1,0,1,0,0
2,0.0,0.0,1.3862943611198906,0.0,0.0,0.0,0.0,0.0,0.6931471805599453,2,1,0,1,0,0
5,0.0,0.0,1.3862943611198906,0.0,0.0,0.0,0.0,0.0,0.6931471805599453,4,1,0,0,1,0
3,0.0,0.0,1.3862943611198906,0.0,0.0,0.0,0.0,0.0,0.6931471805599453,2,0,0,0,1,0
3,0.0,0.0,1.3862943611198906,0.0,0.0,0.0,0.0,0.0,0.6931471805599453,2,0,0,0,1,0
8,4.406719247264253,0.0,2.8903717578961645,0.6931471805599453,0.035367143837291344,0.06765864847381486,0.10074990310014315,0.6911451778892722,1.33500106673234,2,1,0,0,1,0
6,4.48863636973214,0.1823215567939546,3.152736022363656,0.6931471805599453,0.009950330853168092,0.13453089295760606,0.14323416808590775,0.9585836440644065,1.791759469228055,3,0,0,1,0,0
8,3.5553480614894135,0.1823215567939546,2.451005098112319,0.3364722366212129,0.005982071677547469,0.06391332574365285,0.0695260626486103,0.3576744442718159,1.1631508098056809,3,0,0,0,1,0
7,0.0,0.0,1.3862943611198906,0.0,0.0,0.0,0.0,0.0,0.6931471805599453,2,1,0,1,0,0
5,0.0,0.0,1.3862943611198906,0.0,0.0,0.0,0.0,0.0,0.6931471805599453,2,0,1,0,0,0
7,0.0,0.0,1.3862943611198906,0.0,0.0,0.0,0.0,0.0,0.6931471805599453,4,1,0,1,0,0
11,4.177459468932607,0.1823215567939546,2.747270914255491,0.5877866649021191,0.3688011237365729,0.02955880224154443,0.3893357261782807,0.8812851226753396,1.824549292051046,3,0,0,0,1,0
6,2.995732273553991,0.0,1.9459101490553132,0.0,0.0,0.0,0.0,0.3148107398400336,1.0986122886681098,5,0,0,0,0,1
8,0.0,0.0,1.3862943611198906,0.0,0.0,0.0,0.0,0.0,0.6931471805599453,4,0,0,0,1,0
4,1.203972804325936,0.0,1.6739764335716716,0.0,0.006644542718668511,0.026317308317373358,0.032789822822990755,0.0,0.8472978603872034,2,1,0,0,1,0
8,4.51085950651685,0.0,2.833213344056216,0.6931471805599453,0.1327811112338184,0.007968169649176881,0.13976194237515863,0.8381129508101309,1.2809338454620642,4,0,0,1,0,0
5,4.51085950651685,0.22314355131420976,3.1245651453969594,0.6931471805599453,0.3611648492115843,0.20904462693470807,0.5113254988076417,0.7884573603642703,1.749199854809259,3,0,0,0,1,0
3,4.51085950651685,0.4054651081081644,2.5257286443082556,0.6931471805599453,0.009950330853168092,0.0769610411361284,0.08617769624105241,0.6205764877251098,1.5040773967762742,2,1,0,0,1,0
9,0.0,0.0,1.3862943611198906,0.0,0.0,0.0,0.0,0.0,0.6931471805599453,2,0,1,0,0,0
3,4.51085950651685,0.4054651081081644,3.044522437723423,0.6931471805599453,0.0,0.024692612590371414,0.024692612590371414,0.7514160886839212,1.791759469228055,2,1,0,1,0,0
11,0.0,0.0,1.3862943611198906,0.0,0.0,0.0,0.0,0.0,0.6931471805599453,4,0,0,0,1,0
3,0.0,0.0,1.3862943611198906,0.0,0.0,0.0,0.0,0.0,0.6931471805599453,4,1,0,1,0,0
6,3.8628327612373745,0.0,2.580216829592325,0.47000362924573563,0.0,0.001998002662673058,0.001998002662673058,0.5641767992629853,0.9555114450274363,3,1,0,1,0,0
6,0.0,0.0,1.3862943611198906,0.0,0.0,0.0,0.0,0.0,0.6931471805599453,2,0,0,1,0,0
11,3.4339872044851463,0.0,2.028148247292285,0.1823215567939546,0.054488185284069776,0.04688358589885046,0.09893994785490365,0.5743636445699783,1.0296194171811581,5,0,0,0,1,0
7,0.0,0.0,1.3862943611198906,0.0,0.0,0.0,0.0,0.0,0.6931471805599453,4,0,0,0,0,1
6,4.162003210695915,0.0,3.005682604407159,0.47000362924573563,0.06578774053800315,0.039220713153281114,0.10255658832509215,0.877965617552487,1.791759469228055,2,0,0,0,1,0
9,0.1823215567939546,0.0,1.4816045409242156,0.0,0.0,0.0,0.0,0.071389996086673,0.7884573603642703,4,0,0,1,0,0
4,4.339467020255086,0.28768207245178085,2.926739402067039,0.6931471805599453,0.18786173716956991,0.03601043752303303,0.21779594498761437,0.6712423451718953,1.6739764335716716,3,0,0,0,1,0
4,2.5257286443082556,0.0,1.5040773967762742,0.0,0.058268908123975824,0.0,0.058268908123975824,0.7443154671343447,1.0986122886681098,5,0,0,0,1,0
3,3.9219733362813143,0.0,2.5649493574615367,0.4054651081081644,0.009950330853168092,0.004987541511038968,0.014888612493750559,0.8197798314933114,1.6094379124341003,4,0,0,0,1,0
7,0.0,0.0,1.3862943611198906,0.0,0.0,0.0,0.0,0.0,0.6931471805599453,3,0,0,0,1,0
8,0.0,0.0,1.3862943611198906,0.0,0.0,0.0,0.0,0.0,0.6931471805599453,3,0,0,0,1,0
9,4.186619838331271,0.1823215567939546,2.797281334830153,0.5877866649021191,0.35346981298978397,0.07510747248680548,0.406797553341943,1.028189824371564,1.7578579175523736,3,0,0,0,1,0
3,4.51085950651685,0.0,2.6390573296152584,0.6931471805599453,0.09075436326846412,0.004987541511038968,0.09531017980432493,0.5128236264286637,1.252762968495368,4,0,0,1,0,0
2,0.0,0.0,1.3862943611198906,0.0,0.0,0.0,0.0,0.0,0.6931471805599453,2,0,1,0,0,0
10,1.33500106673234,0.0,1.5686159179138452,0.0,0.0,0.0,0.0,0.04879016416943204,0.7884573603642703,2,0,0,0,1,0
2,0.0,0.0,1.3862943611198906,0.0,0.0,0.0,0.0,0.0,0.6931471805599453,2,0,0,0,0,1
5,2.6741486494265287,0.0,1.6094379124341003,0.0,0.06531946612064246,0.014888612493750559,0.07927318089450788,0.15272108701766393,1.0116009116784799,3,1,0,0,0,1
11,3.339321977944068,0.0,2.322387720290225,0.1823215567939546,0.07325046173959274,0.09166718852582387,0.1587116911548208,0.3632532592988549,1.2237754316221157,3,1,0,0,1,0
11,0.0,0.0,1.3862943611198906,0.0,0.0,0.0,0.0,0.0,0.6931471805599453,2,0,1,0,0,0
5,3.7898553714539385,0.0,2.1972245773362196,0.22314355131420976,0.0,0.004987541511038968,0.004987541511038968,0.6703901934373291,1.0116009116784799,3,1,0,1,0,0
11,3.5779478934066544,0.1823215567939546,2.2407096892759584,0.1823215567939546,0.02761516703297339,0.017839918128331016,0.04305948946044701,0.3590720685384538,1.0986122886681098,3,1,0,0,1,0
6,0.0,0.0,1.3862943611198906,0.0,0.0,0.0,0.0,0.0,0.6931471805599453,2,1,0,1,0,0
11,0.0,0.0,1.3862943611198906,0.0,0.0,0.0,0.0,0.0,0.6931471805599453,2,1,0,0,1,0
10,4.333361462692601,0.0,3.005682604407159,0.6931471805599453,0.14669437915080344,0.23901690047049992,0.3562748639173926,1.067465559671273,1.6863989535702288,3,0,0,0,0,1
6,0.0,0.0,1.3862943611198906,0.0,0.0,0.0,0.0,0.0,0.6931471805599453,2,1,0,1,0,0
11,0.0,0.0,1.3862943611198906,0.0,0.0,0.0,0.0,0.0,0.6931471805599453,3,1,0,0,1,0
9,4.48863636973214,0.47000362924573563,3.152736022363656,0.6931471805599453,0.11154137473290732,0.16551443847757333,0.2608246182818983,0.6595903970311027,1.824549292051046,2,1,0,0,1,0
11,0.0,0.0,1.3862943611198906,0.0,0.0,0.0,0.0,0.0,0.6931471805599453,4,1,0,0,1,0
5,1.5040773967762742,0.0,2.0476928433652555,0.0,0.0,0.01980262729617973,0.01980262729617973,0.0,1.0986122886681098,3,0,0,1,0,0
7,3.502549875922443,0.1823215567939546,1.8562979903656263,0.3364722366212129,0.041141943331175,0.007968169649176881,0.04879016416943204,0.2821668917636708,1.1631508098056809,2,1,0,0,1,0
10,3.828641396489095,0.0,2.2823823856765264,0.47000362924573563,0.03922071315328133,0.24529635595534308,0.2761154360803155,0.5527350268432003,0.6931471805599453,4,0,0,0,1,0
8,4.216562194946349,0.3364722366212129,2.667228206581955,0.5877866649021191,0.02176149178151271,0.017839918128331016,0.03922071315328133,0.4421184257561999,1.3862943611198906,2,0,0,0,1,0
2,0.0,0.0,1.3862943611198906,0.0,0.0,0.0,0.0,0.0,0.6931471805599453,3,1,0,0,1,0
9,0.9555114450274363,0.0,1.5260563034950492,0.0,0.003992021269537457,0.0,0.003992021269537457,0.023716526617316065,0.7884573603642703,2,1,0,0,1,0
9,0.0,0.0,1.3862943611198906,0.0,0.0,0.0,0.0,0.0,0.6931471805599453,3,0,0,0,1,0
8,2.5649493574615367,0.0,1.6863989535702288,0.1823215567939546,0.0,0.005982071677547469,0.005982071677547469,0.3364722366212129,0.8754687373538999,2,0,0,0,1,0
11,4.186619838331271,0.0,2.580216829592325,0.5877866649021191,0.02176149178151271,0.033434776086237204,0.054488185284069776,0.9798287526781426,1.33500106673234,4,1,0,1,0,0
3,0.0,0.0,1.3862943611198906,0.0,0.0,0.0,0.0,0.0,0.6931471805599453,5,1,0,0,0,1
4,1.6739764335716716,0.0,1.5404450409471488,0.0,0.0,0.0033277900926747457,0.0033277900926747457,0.02306527293099597,0.8472978603872034,2,1,0,0,1,0
6,0.0,0.0,1.3862943611198906,0.0,0.0,0.0,0.0,0.0,0.6931471805599453,3,0,0,0,1,0
11,3.4468078929142076,0.0,1.916922612182061,0.3364722366212129,0.001998002662673058,0.013902905168991434,0.015873349156290163,0.3811724155391198,0.9555114450274363,2,1,0,1,0,0
9,3.8877303128591016,0.1823215567939546,2.8791984572980396,0.3364722366212129,0.22793206804600694,0.1275133202989595,0.3307415619122278,0.4712528486461675,1.791759469228055,4,1,0,0,1,0
8,4.477336814478207,0.3364722366212129,3.484312288372662,0.6931471805599453,0.5458065926612362,0.3618614706260324,0.7710337192170165,0.5754891370917129,2.302585092994046,5,1,0,0,1,0
10,0.0,0.0,1.3862943611198906,0.0,0.0,0.0,0.0,0.0,0.6931471805599453,2,1,0,1,0,0
8,3.6000482404073204,0.0,1.8870696490323797,0.3364722366212129,0.0,0.007968169649176881,0.007968169649176881,0.7314058926770358,0.6931471805599453,2,0,0,1,0,0
10,4.406719247264253,0.0,2.70805020110221,0.7884573603642703,0.01980262729617973,0.054488185284069776,0.07325046173959274,1.0777290777516855,1.2237754316221157,2,0,0,1,0,0
2,4.51085950651685,0.0,3.4339872044851463,0.6931471805599453,0.3852624007906449,0.009950330853168092,0.3920420877760237,0.8241754429663495,2.5649493574615367,3,0,0,1,0,0
10,4.406719247264253,0.0,2.7343675094195836,0.6931471805599453,0.02176149178151271,0.033434776086237204,0.054488185284069776,1.0473189942805592,1.4350845252893227,3,0,0,1,0,0
10,0.0,0.0,1.3862943611198906,0.0,0.0,0.0,0.0,0.0,0.6931471805599453,3,1,1,0,0,0
5,0.0,0.0,1.3862943611198906,0.0,0.0,0.0,0.0,0.0,0.6931471805599453,2,0,0,0,0,1
5,4.366278277705742,0.22314355131420976,2.1102132003465894,0.6931471805599453,0.16126814759612232,0.1110940475055868,0.2565783274004471,0.6192314976097771,1.3217558399823195,2,0,0,0,1,0
11,0.0,0.0,1.3862943611198906,0.0,0.0,0.0,0.0,0.0,0.6931471805599453,2,0,0,0,1,0
8,2.9444389791664403,0.0,1.9459101490553132,0.1823215567939546,0.0,0.005982071677547469,0.005982071677547469,0.283674051054242,0.8754687373538999,3,1,0,1,0,0
11,0.0,0.0,1.3862943611198906,0.0,0.0,0.0,0.0,0.0,0.6931471805599453,2,0,1,0,0,0
3,3.828641396489095,0.0,2.1400661634962708,0.4054651081081644,0.004987541511038968,0.004987541511038968,0.009950330853168092,1.1151415906193203,1.0986122886681098,3,0,0,0,1,0
11,3.0726933146901194,0.0,2.2823823856765264,0.1823215567939546,0.01980262729617973,0.01980262729617973,0.03922071315328133,0.20701416938432612,1.0296194171811581,2,0,0,1,0,0
2,0.0,0.0,1.3862943611198906,0.0,0.0,0.0,0.0,0.0,0.6931471805599453,2,0,0,0,1,0
6,0.0,0.0,1.3862943611198906,0.0,0.0,0.0,0.0,0.0,0.6931471805599453,2,1,0,0,0,1
9,3.708682081410116,0.0,2.3608540011180215,0.3364722366212129,0.22154226994723591,0.007968169649176881,0.22793206804600694,0.39068982252601003,1.4350845252893227,4,0,0,0,1,0
11,0.0,0.0,1.3862943611198906,0.0,0.0,0.0,0.0,0.0,0.6931471805599453,2,0,0,0,1,0
7,1.1631508098056809,0.0,1.3862943611198906,0.0,0.0,0.0,0.0,0.017839918128331016,0.7884573603642703,2,0,0,0,1,0
4,0.0,0.0,1.3862943611198906,0.0,0.0,0.0,0.0,0.0,0.6931471805599453,2,1,0,1,0,0
2,0.0,0.0,1.3862943611198906,0.0,0.0,0.0,0.0,0.0,0.6931471805599453,3,0,1,0,0,0
10,3.2188758248682006,0.1823215567939546,2.2192034840549946,0.3364722366212129,0.1097508639591191,0.007968169649176881,0.11689375147149943,0.18564934688662926,1.2809338454620642,3,1,0,0,0,1
3,4.310799125385514,0.0,2.3978952727983707,0.6931471805599453,0.0,0.126632650933366,0.126632650933366,1.0402767116551463,0.4054651081081644,4,0,0,0,1,0
4,4.110873864173311,0.0,2.456735772821304,0.5108256237659906,0.0,0.10436001532424286,0.10436001532424286,0.945202075368575,1.0986122886681098,3,1,0,0,1,0
10,3.4210000089583352,0.0,1.791759469228055,0.1823215567939546,0.017839918128331016,0.015873349156289945,0.033434776086237204,0.22154226994723591,0.7884573603642703,4,0,0,1,0,0
10,0.0,0.0,1.3862943611198906,0.0,0.0,0.0,0.0,0.0,0.6931471805599453,4,1,0,0,1,0
5,3.4258899942525267,0.0,1.6094379124341003,0.22314355131420976,0.06531946612064246,0.1310282624064042,0.1885521065445907,0.5822156198526637,1.0986122886681098,2,0,0,0,1,0
3,4.350277936359301,0.4054651081081644,3.1135153092103742,0.6931471805599453,0.3576744442718159,0.058268908123975824,0.3987761199573678,0.8064758658669485,2.0794415416798357,2,0,0,0,1,0
4,4.390325437488577,0.28768207245178085,3.283414346005772,0.6931471805599453,0.49875304253172137,0.02306527293099597,0.5128236264286637,0.546192767603282,2.2335922215070942,2,1,0,0,0,1
3,0.0,0.0,1.3862943611198906,0.0,0.0,0.0,0.0,0.0,0.6931471805599453,4,0,0,0,1,0
2,0.0,0.0,1.3862943611198906,0.0,0.0,0.0,0.0,0.0,0.6931471805599453,3,0,0,1,0,0
5,0.0,0.0,1.3862943611198906,0.0,0.0,0.0,0.0,0.0,0.6931471805599453,4,1,0,1,0,0
11,2.379546134130174,0.0,1.824549292051046,0.0,0.0,0.0,0.0,0.18065349969325756,0.9555114450274363,3,1,0,0,1,0
10,0.5877866649021191,0.0,1.5260563034950492,0.0,0.0,0.0,0.0,0.013902905168991434,0.7884573603642703,4,1,0,1,0,0
5,0.0,0.0,1.3862943611198906,0.0,0.0,0.0,0.0,0.0,0.6931471805599453,2,1,0,0,0,1
10,0.0,0.0,1.3862943611198906,0.0,0.0,0.0,0.0,0.0,0.6931471805599453,2,1,1,0,0,0
3,0.0,0.0,1.3862943611198906,0.0,0.0,0.0,0.0,0.0,0.6931471805599453,3,0,0,0,0,1
6,4.11414718951828,0.1823215567939546,2.4159137783010487,0.47000362924573563,0.07325046173959274,0.10255658832509215,0.16889853646181388,0.836381348645853,1.4816045409242156,4,0,0,0,1,0
10,1.2237754316221157,0.0,1.5260563034950492,0.0,0.031498667059371016,0.0,0.031498667059371016,0.003992021269537457,0.7884573603642703,3,0,0,0,0,1
11,2.6946271807700692,0.0,1.6486586255873816,0.1823215567939546,0.005982071677547469,0.005982071677547469,0.011928570865273812,0.19885085874516517,0.9555114450274363,2,1,0,0,1,0
11,0.0,0.0,1.3862943611198906,0.0,0.0,0.0,0.0,0.0,0.6931471805599453,3,1,0,0,1,0
9,0.0,0.0,1.3862943611198906,0.0,0.0,0.0,0.0,0.0,0.6931471805599453,2,1,0,0,1,0
11,2.975529566236472,0.0,2.151762203259462,0.0,0.003992021269537457,0.054488185284069776,0.058268908123975824,0.24059046491793024,0.9555114450274363,3,1,0,1,0,0
9,0.0,0.0,1.3862943611198906,0.0,0.0,0.0,0.0,0.0,0.6931471805599453,3,0,0,0,1,0
3,0.0,0.0,1.3862943611198906,0.0,0.0,0.0,0.0,0.0,0.6931471805599453,2,1,0,1,0,0
3,0.0,0.0,1.3862943611198906,0.0,0.0,0.0,0.0,0.0,0.6931471805599453,5,1,0,1,0,0
5,4.178226046202803,0.22314355131420976,2.8622008809294686,0.6931471805599453,0.2908021997880245,0.0769610411361284,0.3488947566197701,0.6286086594223741,1.9095425048844386,2,0,0,0,1,0
6,3.265759410767051,0.1823215567939546,2.533696813957432,0.1823215567939546,0.07881118042428964,0.05638033343610769,0.131028262406404,0.09712671073072282,1.5686159179138452,3,1,0,0,1,0
11,4.51085950651685,0.3364722366212129,3.3250360206965914,0.6931471805599453,0.0,0.0,0.0,0.7966058889281753,1.8870696490323797,2,0,1,0,0,0
10,0.0,0.0,1.3862943611198906,0.0,0.0,0.0,0.0,0.0,0.6931471805599453,2,1,0,0,1,0
4,0.0,0.0,1.3862943611198906,0.0,0.0,0.0,0.0,0.0,0.6931471805599453,4,1,1,0,0,0
3,4.51085950651685,0.4054651081081644,2.740840023925201,0.6931471805599453,0.1823215567939546,0.04879016416943204,0.22314355131420976,1.1102114245114616,1.5040773967762742,2,1,0,0,1,0
5,0.0,0.0,1.3862943611198906,0.0,0.0,0.0,0.0,0.0,0.6931471805599453,2,0,0,0,1,0
2,0.0,0.0,1.3862943611198906,0.0,0.0,0.0,0.0,0.0,0.6931471805599453,3,0,1,0,0,0
4,2.456735772821304,0.0,1.791759469228055,0.0,0.05195973893071096,0.006644542718668511,0.058268908123975824,0.1823215567939546,0.8472978603872034,5,0,0,0,0,1
8,0.0,0.0,1.3862943611198906,0.0,0.0,0.0,0.0,0.0,0.6931471805599453,2,1,0,0,1,0
8,4.51085950651685,0.1823215567939546,3.3463891451671604,0.6931471805599453,0.0620353909194527,0.12044615307586726,0.17563256864315796,0.7893660383004882,1.791759469228055,2,0,0,1,0,0
8,0.0,0.0,1.3862943611198906,0.0,0.0,0.0,0.0,0.0,0.6931471805599453,4,0,0,0,1,0
7,0.0,0.0,1.3862943611198906,0.0,0.0,0.0,0.0,0.0,0.6931471805599453,4,0,0,1,0,0
2,0.0,0.0,1.3862943611198906,0.0,0.0,0.0,0.0,0.0,0.6931471805599453,3,1,0,0,1,0
9,0.0,0.0,1.3862943611198906,0.0,0.0,0.0,0.0,0.0,0.6931471805599453,2,0,0,0,1,0
6,4.23410650459726,0.1823215567939546,3.054001181677967,0.5877866649021191,0.0,0.17058630057553367,0.17058630057553367,0.9376607576103475,1.6094379124341003,2,0,0,1,0,0
5,3.828641396489095,0.0,2.4423470353692043,0.4054651081081644,0.01242251999855711,0.0,0.01242251999855711,0.4962194713766286,1.0986122886681098,2,0,0,1,0,0
2,0.0,0.0,1.3862943611198906,0.0,0.0,0.0,0.0,0.0,0.6931471805599453,4,1,0,0,1,0
5,2.224623551524334,0.0,1.7047480922384253,0.0,0.0,0.002496880198587146,0.002496880198587146,0.2662030407746567,0.8109302162163288,3,1,0,1,0,0
9,0.0,0.0,1.3862943611198906,0.0,0.0,0.0,0.0,0.0,0.6931471805599453,2,1,0,0,1,0
9,2.9652730660692823,0.0,1.9459101490553132,0.1823215567939546,0.0,0.031498667059371016,0.031498667059371016,0.48489224173948625,0.8754687373538999,2,1,0,1,0,0
6,4.472780997942346,0.3364722366212129,2.975529566236472,0.6931471805599453,0.08801087732271337,0.09531017980432493,0.17563256864315796,0.8311684784573201,1.3862943611198906,4,0,0,0,1,0
11,2.517696472610991,0.0,2.2617630984737906,0.0,0.01980262729617973,0.07510747248680548,0.09349034308733897,0.33504264381161863,1.2237754316221157,2,1,0,0,1,0
11,4.309455941839047,0.0,2.580216829592325,0.6931471805599453,0.015873349156290163,0.023716526617316065,0.03922071315328133,0.8687797492031033,1.1631508098056809,3,1,0,1,0,0
7,3.6788291182604347,0.0,2.517696472610991,0.3364722366212129,0.041141943331175,0.0,0.041141943331175,0.35346981298978397,1.4350845252893227,2,0,0,1,0,0
8,0.0,0.0,1.3862943611198906,0.0,0.0,0.0,0.0,0.0,0.6931471805599453,3,1,0,0,1,0
10,0.0,0.0,1.3862943611198906,0.0,0.0,0.0,0.0,0.0,0.6931471805599453,2,0,0,1,0,0
7,0.0,0.0,1.3862943611198906,0.0,0.0,0.0,0.0,0.0,0.6931471805599453,2,1,0,1,0,0
9,0.0,0.0,1.3862943611198906,0.0,0.0,0.0,0.0,0.0,0.6931471805599453,3,0,0,1,0,0
11,2.0794415416798357,0.0,2.517696472610991,0.0,0.10975086395911929,0.04114194333117521,0.14669437915080344,0.16551443847757333,1.3862943611198906,2,0,0,0,0,1
4,2.538973871058276,0.0,2.120263536200091,0.0,0.0,0.009950330853168092,0.009950330853168092,0.1570037488096647,0.9808292530117262,3,1,0,1,0,0
2,0.0,0.0,1.3862943611198906,0.0,0.0,0.0,0.0,0.0,0.6931471805599453,2,0,0,0,0,1
7,4.354141431184346,0.1823215567939546,2.341805806147327,0.6931471805599453,0.1587116911548208,0.02761516703297339,0.1823215567939546,0.712949807856125,1.4350845252893227,4,0,0,0,1,0
8,0.0,0.0,1.3862943611198906,0.0,0.0,0.0,0.0,0.0,0.6931471805599453,3,1,0,0,1,0
8,3.6109179126442243,0.3364722366212129,2.533696813957432,0.47000362924573563,0.11511280710050448,0.11867152971749854,0.22154226994723575,0.16041672140590466,1.4816045409242156,2,0,0,0,1,0
9,4.091005660956586,0.3364722366212129,2.5494451709255714,0.47000362924573563,0.23111172096338664,0.056380333436107474,0.2761154360803155,0.44468582126144574,1.6094379124341003,3,0,0,0,0,1
10,3.4468078929142076,0.0,2.1041341542702074,0.3364722366212129,0.0,0.001998002662673058,0.001998002662673058,0.4599532933922342,0.7884573603642703,2,1,0,1,0,0
2,0.0,0.0,1.3862943611198906,0.0,0.0,0.0,0.0,0.0,0.6931471805599453,3,1,0,0,0,1
3,4.51085950651685,0.4054651081081644,3.332204510175204,0.6931471805599453,0.01980262729617973,0.01980262729617973,0.03922071315328133,1.1002775679871708,1.791759469228055,2,0,0,1,0,0
5,4.135166556742356,0.0,2.5257286443082556,0.5596157879354227,0.03198304585305074,0.002496880198587146,0.03440142671733232,0.8576017355254755,1.4469189829363254,5,1,0,1,0,0
3,0.0,0.0,1.3862943611198906,0.0,0.0,0.0,0.0,0.0,0.6931471805599453,2,0,0,0,1,0
9,0.0,0.0,1.3862943611198906,0.0,0.0,0.0,0.0,0.0,0.6931471805599453,2,0,0,0,1,0
3,0.0,0.0,1.3862943611198906,0.0,0.0,0.0,0.0,0.0,0.6931471805599453,4,1,0,0,1,0
5,0.0,0.0,1.3862943611198906,0.0,0.0,0.0,0.0,0.0,0.6931471805599453,2,1,0,1,0,0
4,3.149882953381249,0.0,1.4663370687934272,0.28768207245178085,0.02306527293099597,0.013245226750020505,0.03601043752303303,0.8472978603872034,0.8472978603872034,5,0,0,0,1,0
6,3.966511190712216,0.1823215567939546,2.9652730660692823,0.47000362924573563,0.08617769624105241,0.005982071677547469,0.09166718852582387,0.39339252687389514,1.7227665977411035,2,1,0,1,0,0
10,4.51085950651685,0.0,3.0155349008501706,0.6931471805599453,0.0,0.0,0.0,0.9439058989071285,1.6094379124341003,4,1,1,0,0,0
6,0.0,0.0,1.3862943611198906,0.0,0.0,0.0,0.0,0.0,0.6931471805599453,3,1,0,0,0,1
6,3.594568774642695,0.1823215567939546,2.174751721484161,0.3364722366212129,0.0,0.009950330853168092,0.009950330853168092,0.2530906276821619,1.0986122886681098,2,1,0,0,1,0
7,0.0,0.0,1.3862943611198906,0.0,0.0,0.0,0.0,0.0,0.6931471805599453,2,1,0,0,1,0
9,0.0,0.0,1.3862943611198906,0.0,0.0,0.0,0.0,0.0,0.6931471805599453,4,0,0,0,1,0
10,0.7884573603642703,0.0,1.5260563034950492,0.0,0.0,0.0,0.0,0.07510747248680548,0.7884573603642703,3,1,0,1,0,0
4,3.8642323415917974,0.28768207245178085,2.03688192726104,0.5108256237659906,0.30748469974796055,0.006644542718668511,0.31237468504215243,0.754555808688589,1.203972804325936,2,0,0,0,0,1
4,4.356708826689592,0.28768207245178085,2.70805020110221,0.6931471805599453,0.03601043752303303,0.026317308317373358,0.06140862812864342,0.9308508832054849,1.2992829841302609,2,0,0,0,1,0
9,4.51085950651685,0.0,3.295836866004329,0.6931471805599453,0.14149956227369942,0.24998020526776946,0.3618614706260324,1.0557047876568333,2.151762203259462,2,0,0,0,1,0
3,0.0,0.0,1.3862943611198906,0.0,0.0,0.0,0.0,0.0,0.6931471805599453,2,1,0,1,0,0
10,0.0,0.0,1.3862943611198906,0.0,0.0,0.0,0.0,0.0,0.6931471805599453,2,0,0,0,1,0
5,0.0,0.0,1.3862943611198906,0.0,0.0,0.0,0.0,0.0,0.6931471805599453,2,1,0,0,1,0
6,0.0,0.0,1.3862943611198906,0.0,0.0,0.0,0.0,0.0,0.6931471805599453,3,1,0,0,0,1
10,0.0,0.0,1.3862943611198906,0.0,0.0,0.0,0.0,0.0,0.6931471805599453,4,0,1,0,0,0
7,4.39197696552705,0.3364722366212129,3.265759410767051,0.6931471805599453,0.2821668917636708,0.08434114843375096,0.34642256747438094,0.7793248768009977,1.8870696490323797,3,1,0,0,1,0
2,4.51085950651685,0.0,2.0794415416798357,0.6931471805599453,0.04879016416943204,0.0,0.04879016416943204,1.1019400787607843,1.0986122886681098,2,0,0,1,0,0
6,3.8628327612373745,0.0,2.128231705849268,0.3364722366212129,0.01980262729617973,0.0,0.01980262729617973,0.6861225656229808,1.0986122886681098,4,1,0,1,0,0
7,0.0,0.0,1.3862943611198906,0.0,0.0,0.0,0.0,0.0,0.6931471805599453,4,0,1,0,0,0
2,0.0,0.0,1.3862943611198906,0.0,0.0,0.0,0.0,0.0,0.6931471805599453,3,1,0,1,0,0
6,0.0,0.0,1.3862943611198906,0.0,0.0,0.0,0.0,0.0,0.6931471805599453,4,0,0,1,0,0
2,0.0,0.0,1.3862943611198906,0.0,0.0,0.0,0.0,0.0,0.6931471805599453,3,1,0,0,1,0
5,1.7047480922384253,0.0,1.55814461804655,0.0,0.0,0.002496880198587146,0.002496880198587146,0.058268908123975824,0.8109302162163288,4,0,0,0,1,0
10,0.0,0.0,1.3862943611198906,0.0,0.0,0.0,0.0,0.0,0.6931471805599453,2,1,0,1,0,0
2,4.51085950651685,0.0,3.091042453358316,0.6931471805599453,0.3987761199573678,0.3852624007906449,0.6729444732424258,0.8960880245566357,1.3862943611198906,2,0,0,0,1,0
4,0.0,0.0,1.3862943611198906,0.0,0.0,0.0,0.0,0.0,0.6931471805599453,3,1,0,1,0,0
5,3.56953269648137,0.22314355131420976,1.9810014688665833,0.4054651081081644,0.07927318089450788,0.022250608934819723,0.09984533496971612,0.5850050219402422,1.252762968495368,3,1,0,0,1,0
4,0.0,0.0,1.3862943611198906,0.0,0.0,0.0,0.0,0.0,0.6931471805599453,3,1,1,0,0,0
3,0.0,0.0,1.3862943611198906,0.0,0.0,0.0,0.0,0.0,0.6931471805599453,2,1,0,1,0,0
2,4.51085950651685,0.0,2.6390573296152584,0.6931471805599453,0.17395330712343798,0.13976194237515863,0.29266961396282004,1.4906543764441333,1.0986122886681098,2,1,0,0,1,0
6,3.9396381724611196,0.0,2.747270914255491,0.47000362924573563,0.16551443847757333,0.07325046173959274,0.22793206804600694,0.4343764516025845,1.7578579175523736,2,1,0,0,1,0
10,4.007333185232471,0.0,2.9014215940827497,0.47000362924573563,0.06765864847381466,0.11332868530700327,0.17395330712343798,0.3618614706260324,1.6486586255873816,4,0,0,0,1,0
8,4.486386649998124,0.47000362924573563,3.295836866004329,0.6931471805599453,0.11867152971749854,0.04879016416943204,0.16211884947643512,0.6270073780554004,2.028148247292285,2,0,0,1,0,0
7,0.0,0.0,1.3862943611198906,0.0,0.0,0.0,0.0,0.0,0.6931471805599453,5,1,1,0,0,0
11,0.0,0.0,1.3862943611198906,0.0,0.0,0.0,0.0,0.0,0.6931471805599453,3,1,0,1,0,0
11,0.0,0.0,1.3862943611198906,0.0,0.0,0.0,0.0,0.0,0.6931471805599453,3,1,0,0,1,0
4,4.454347296253507,0.0,3.4339872044851463,0.6931471805599453,0.38865798979178323,0.058268908123975824,0.4285303810391606,1.0715836162801904,2.2512917986064953,2,0,0,0,1,0
4,0.0,0.0,1.3862943611198906,0.0,0.0,0.0,0.0,0.0,0.6931471805599453,2,1,0,0,1,0
10,4.254193263163997,0.3364722366212129,2.9652730660692823,0.5877866649021191,0.05259245011917063,0.06765864847381486,0.11689375147149943,0.6365768290715511,1.6094379124341003,4,0,0,1,0,0
6,1.9459101490553132,0.0,1.6094379124341003,0.1823215567939546,0.001998002662673058,0.031498667059371016,0.03343477608623742,0.19556678354397525,0.6931471805599453,3,0,0,1,0,0
5,0.0,0.0,1.3862943611198906,0.0,0.0,0.0,0.0,0.0,0.6931471805599453,2,1,1,0,0,0
4,0.0,0.0,1.3862943611198906,0.0,0.0,0.0,0.0,0.0,0.6931471805599453,2,1,0,1,0,0
10,0.9555114450274363,0.0,1.5260563034950492,0.0,0.003992021269537457,0.0,0.003992021269537457,0.023716526617316065,0.7884573603642703,2,1,0,0,1,0
7,0.0,0.0,1.3862943611198906,0.0,0.0,0.0,0.0,0.0,0.6931471805599453,3,0,0,0,1,0
3,2.302585092994046,0.0,1.8718021769015913,0.0,0.11332868530700327,0.004987541511038968,0.11778303565638346,0.36810932156439535,1.0986122886681098,2,1,0,0,1,0
8,3.9926809084456005,0.1823215567939546,2.2617630984737906,0.47000362924573563,0.26390154378637737,0.04114194333117521,0.2956502421009577,0.41607528722017995,1.4350845252893227,5,1,0,0,1,0
6,4.490881039585964,0.1823215567939546,2.6390573296152584,0.6931471805599453,0.3249778571954777,0.211880359035499,0.4824261492442926,1.0260415958332745,1.824549292051046,2,0,0,0,1,0
10,4.301358731606427,0.1823215567939546,2.6100697927420065,0.5877866649021191,0.0,0.03922071315328133,0.03922071315328133,1.0494220444773381,1.33500106673234,2,1,0,1,0,0
6,1.7578579175523736,0.0,1.6863989535702288,0.0,0.02955880224154443,0.003992021269537457,0.033434776086237204,0.1275133202989597,0.8754687373538999,3,0,0,0,1,0
3,0.0,0.0,1.3862943611198906,0.0,0.0,0.0,0.0,0.0,0.6931471805599453,3,1,0,1,0,0
5,0.0,0.0,1.3862943611198906,0.0,0.0,0.0,0.0,0.0,0.6931471805599453,4,0,0,0,0,1
6,1.8870696490323797,0.0,1.791759469228055,0.0,0.10616019582839073,0.001998002662673058,0.10795714150509236,0.08984070399978954,1.0986122886681098,4,0,0,1,0,0
11,0.0,0.0,1.3862943611198906,0.0,0.0,0.0,0.0,0.0,0.6931471805599453,2,1,1,0,0,0
9,0.0,0.0,1.3862943611198906,0.0,0.0,0.0,0.0,0.0,0.6931471805599453,4,1,0,0,1,0
5,0.0,0.0,1.3862943611198906,0.0,0.0,0.0,0.0,0.0,0.6931471805599453,2,0,0,1,0,0
4,3.545778610473263,0.28768207245178085,2.772588722239781,0.28768207245178085,0.07076907088820716,0.05511929922107953,0.12221763272424911,0.38978729538893453,1.5404450409471488,2,0,0,1,0,0
3,0.0,0.0,1.3862943611198906,0.0,0.0,0.0,0.0,0.0,0.6931471805599453,3,0,1,0,0,0
2,0.0,0.0,1.3862943611198906,0.0,0.0,0.0,0.0,0.0,0.6931471805599453,3,0,1,0,0,0
10,0.0,0.0,1.3862943611198906,0.0,0.0,0.0,0.0,0.0,0.6931471805599453,3,0,0,1,0,0
8,2.785011242238338,0.0,1.9459101490553132,0.1823215567939546,0.0,0.0769610411361284,0.0769610411361284,0.3618614706260324,1.0296194171811581,2,1,0,0,1,0
8,3.9396381724611196,0.1823215567939546,2.2617630984737906,0.47000362924573563,0.03729578474369693,0.025667746748577813,0.0620353909194527,0.8415671856782188,1.1631508098056809,2,1,0,1,0,0
3,0.0,0.0,1.3862943611198906,0.0,0.0,0.0,0.0,0.0,0.6931471805599453,3,0,1,0,0,0
4,4.51085950651685,0.28768207245178085,2.793208009442517,0.6931471805599453,0.03922071315328133,0.05511929922107953,0.09227527610917084,0.7670170291264008,1.3862943611198906,2,1,0,0,1,0
8,3.5380565643793527,0.0,2.468099531471619,0.3364722366212129,0.10074990310014315,0.058268908123975824,0.15357908792830058,0.30158497762077224,1.6094379124341003,4,0,0,0,1,0
8,0.0,0.0,1.3862943611198906,0.0,0.0,0.0,0.0,0.0,0.6931471805599453,2,0,1,0,0,0
9,4.51085950651685,0.1823215567939546,3.126760535960395,0.6931471805599453,0.0,0.0,0.0,1.2837077723447896,1.5686159179138452,2,1,1,0,0,0
2,4.51085950651685,0.0,2.772588722239781,0.6931471805599453,0.0,0.009950330853168092,0.009950330853168092,1.1662709371419244,1.3862943611198906,3,0,0,0,1,0
9,0.0,0.0,1.3862943611198906,0.0,0.0,0.0,0.0,0.0,0.6931471805599453,2,1,0,1,0,0
11,2.7343675094195836,0.0,1.7578579175523736,0.0,0.02761516703297339,0.023716526617316065,0.050693114315518165,0.4548899914356874,0.9555114450274363,3,0,0,0,1,0
4,4.477336814478207,0.28768207245178085,2.4277482359480516,0.6931471805599453,0.23111172096338645,0.19611487892629037,0.38978729538893453,0.9542285712145472,1.791759469228055,4,0,0,0,1,0
6,1.5260563034950492,0.0,1.8562979903656263,0.0,0.0,0.007968169649176881,0.007968169649176881,0.15529288440603525,0.9555114450274363,3,1,0,0,1,0
11,4.290459441148391,0.3364722366212129,2.9856819377004897,0.5877866649021191,0.0,0.011928570865273812,0.011928570865273812,0.7400307664587957,1.6486586255873816,2,1,1,0,0,0
8,2.9652730660692823,0.0,1.791759469228055,0.1823215567939546,0.0,0.0,0.0,0.5235443961737654,0.8754687373538999,2,1,0,1,0,0
5,0.0,0.0,1.3862943611198906,0.0,0.0,0.0,0.0,0.0,0.6931471805599453,2,0,1,0,0,0
3,0.0,0.0,1.3862943611198906,0.0,0.0,0.0,0.0,0.0,0.6931471805599453,2,1,1,0,0,0
9,4.51085950651685,0.1823215567939546,3.126760535960395,0.6931471805599453,0.050693114315518165,0.0,0.050693114315518165,1.1718627504077024,1.791759469228055,3,0,0,1,0,0
9,0.0,0.0,1.3862943611198906,0.0,0.0,0.0,0.0,0.0,0.6931471805599453,2,1,1,0,0,0
6,3.100092288878234,0.0,1.6863989535702288,0.1823215567939546,0.0,0.0,0.0,0.7948008342864451,0.6931471805599453,2,0,0,1,0,0
9,0.0,0.0,1.3862943611198906,0.0,0.0,0.0,0.0,0.0,0.6931471805599453,4,1,0,0,1,0
11,3.0819099697950434,0.1823215567939546,2.174751721484161,0.1823215567939546,0.14842000511827322,0.009950330853168092,0.1570037488096647,0.03343477608623742,1.33500106673234,4,0,0,0,1,0
7,3.427514689979529,0.1823215567939546,2.517696472610991,0.3364722366212129,0.02761516703297339,0.013902905168991434,0.041141943331175,0.5164100020598913,1.5260563034950492,3,0,0,1,0,0
6,4.143134726391533,0.1823215567939546,2.128231705849268,0.47000362924573563,0.003992021269537457,0.003992021269537457,0.007968169649176881,0.833778310299691,1.2809338454620642,5,0,0,0,1,0
10,0.0,0.0,1.3862943611198906,0.0,0.0,0.0,0.0,0.0,0.6931471805599453,4,0,0,0,0,1
7,3.8918202981106265,0.1823215567939546,2.4159137783010487,0.5877866649021191,0.14149956227369942,0.050693114315518165,0.18564934688662926,0.6248683398066508,1.4350845252893227,3,0,0,0,0,1
6,2.4849066497880004,0.0,1.8870696490323797,0.0,0.005982071677547469,0.005982071677547469,0.011928570865273812,0.3492474281099357,1.0296194171811581,2,1,0,0,0,1
3,0.0,0.0,1.3862943611198906,0.0,0.0,0.0,0.0,0.0,0.6931471805599453,2,0,0,1,0,0
4,0.0,0.0,1.3862943611198906,0.0,0.0,0.0,0.0,0.0,0.6931471805599453,2,1,0,1,0,0
9,4.207673247529104,0.3364722366212129,2.151762203259462,0.6931471805599453,0.056380333436107474,0.04879016416943204,0.10255658832509215,0.7793248768009977,1.4350845252893227,4,0,0,0,1,0
4,4.3694478524670215,0.28768207245178085,3.455264602932431,0.6931471805599453,0.4209009162380037,0.08311490671050659,0.47623417899637155,1.0140222203674902,2.367123614131617,4,1,0,0,1,0
11,0.0,0.0,1.3862943611198906,0.0,0.0,0.0,0.0,0.0,0.6931471805599453,5,0,0,0,1,0
5,4.433788569232471,0.22314355131420976,2.9311937524164198,0.6931471805599453,0.18023605030293324,0.12442757837505208,0.28517894223366247,0.5581861951258283,1.749199854809259,2,0,0,0,1,0
7,1.824549292051046,0.0,1.5686159179138452,0.0,0.050693114315518165,0.009950330853168092,0.060153922819747144,0.03729578474369693,0.8754687373538999,2,0,0,0,1,0
4,0.0,0.0,1.3862943611198906,0.0,0.0,0.0,0.0,0.0,0.6931471805599453,5,0,0,0,1,0
3,0.0,0.0,1.3862943611198906,0.0,0.0,0.0,0.0,0.0,0.6931471805599453,4,0,1,0,0,0
7,0.0,0.0,1.3862943611198906,0.0,0.0,0.0,0.0,0.0,0.6931471805599453,2,0,0,0,1,0
10,0.0,0.0,1.3862943611198906,0.0,0.0,0.0,0.0,0.0,0.6931471805599453,2,1,0,0,1,0
4,0.0,0.0,1.3862943611198906,0.0,0.0,0.0,0.0,0.0,0.6931471805599453,2,0,0,0,1,0
9,2.740840023925201,0.0,1.8718021769015913,0.0,0.014888612493750559,0.03922071315328133,0.05354076692802976,0.3681093215643955,1.0116009116784799,2,1,0,0,0,1
3,0.0,0.0,1.3862943611198906,0.0,0.0,0.0,0.0,0.0,0.6931471805599453,2,1,0,0,1,0
9,3.6888794541139363,0.3364722366212129,2.9014215940827497,0.3364722366212129,0.41871033485818504,0.017839918128331016,0.43048287108345223,0.26696903085423934,1.7227665977411035,2,1,0,0,0,1
7,1.8562979903656263,0.0,1.5260563034950492,0.0,0.017839918128331016,0.0,0.017839918128331016,0.03922071315328133,0.7884573603642703,4,0,0,0,1,0
2,0.0,0.0,1.3862943611198906,0.0,0.0,0.0,0.0,0.0,0.6931471805599453,3,1,0,0,0,1
11,4.470495282661489,0.1823215567939546,3.1612467120315646,0.6931471805599453,0.04879016416943204,0.3632532592988549,0.3974329364109001,1.018125037755423,1.4816045409242156,3,0,0,0,1,0
3,0.4054651081081644,0.0,1.7047480922384253,0.0,0.0,0.0,0.0,0.12221763272424911,0.9162907318741551,2,1,0,1,0,0
9,0.0,0.0,1.3862943611198906,0.0,0.0,0.0,0.0,0.0,0.6931471805599453,2,1,0,0,0,1
9,4.430816798843313,0.0,2.9444389791664403,0.5877866649021191,0.08801087732271337,0.017839918128331016,0.10436001532424286,1.2214197179296566,0.8754687373538999,3,1,0,1,0,0
9,4.51085950651685,0.1823215567939546,2.580216829592325,0.6931471805599453,0.31042155942127025,0.071389996086673,0.3632532592988549,1.2837077723447896,1.7227665977411035,2,1,0,0,0,1
5,0.0,0.0,1.3862943611198906,0.0,0.0,0.0,0.0,0.0,0.6931471805599453,3,0,0,1,0,0
6,3.407841924380824,0.0,2.0014800002101243,0.3364722366212129,0.04688358589885046,0.060153922819747144,0.10436001532424286,0.4548899914356874,1.0296194171811581,2,1,0,0,1,0
4,4.442651256490317,0.5108256237659906,3.39002408106403,0.6931471805599453,0.3483066942682158,0.43394457943003306,0.6729444732424258,0.9229352745928237,2.2335922215070942,2,0,0,0,1,0
10,4.4355674016019115,0.47000362924573563,2.653241964607215,0.6931471805599453,0.14496577025018564,0.04879016416943204,0.18730909830499368,0.6216511788548754,1.4816045409242156,3,1,0,0,1,0
10,0.0,0.0,1.3862943611198906,0.0,0.0,0.0,0.0,0.0,0.6931471805599453,2,0,0,0,1,0
10,4.165113633110308,0.0,2.4336133554004498,0.6931471805599453,0.04305948946044701,0.03922071315328133,0.08065790301745454,0.5944312076207875,1.2809338454620642,4,1,0,1,0,0
7,2.302585092994046,0.0,1.33500106673234,0.1823215567939546,0.007968169649176881,0.003992021269537457,0.011928570865273812,0.08617769624105241,0.7884573603642703,3,0,0,0,1,0
7,2.341805806147327,0.0,1.5686159179138452,0.0,0.0,0.001998002662673058,0.001998002662673058,0.32353172534547825,0.9555114450274363,5,1,0,0,1,0
2,4.51085950651685,0.0,2.302585092994046,0.6931471805599453,0.0,0.02955880224154443,0.02955880224154443,1.1662709371419244,1.0986122886681098,3,0,0,1,0,0
4,0.0,0.0,1.3862943611198906,0.0,0.0,0.0,0.0,0.0,0.6931471805599453,2,1,1,0,0,0
3,0.0,0.0,1.3862943611198906,0.0,0.0,0.0,0.0,0.0,0.6931471805599453,4,0,0,0,1,0
8,0.0,0.0,1.3862943611198906,0.0,0.0,0.0,0.0,0.0,0.6931471805599453,4,0,0,0,1,0
3,4.51085950651685,0.4054651081081644,3.1354942159291497,0.6931471805599453,0.0,0.34712953109520095,0.34712953109520095,0.6205764877251098,1.8718021769015913,2,1,0,1,0,0
7,0.8754687373538999,0.0,1.6863989535702288,0.0,0.0,0.0,0.0,0.07510747248680548,0.9555114450274363,4,1,0,1,0,0
6,0.0,0.0,1.3862943611198906,0.0,0.0,0.0,0.0,0.0,0.6931471805599453,2,0,0,0,1,0
7,3.8066624897703196,0.0,2.6390573296152584,0.3364722366212129,0.0695260626486103,0.07510747248680548,0.13976194237515863,0.42918163472548043,1.33500106673234,4,0,0,0,1,0
4,2.6855773452501515,0.0,3.149882953381249,0.0,0.1711482561958293,0.03601043752303303,0.20157937339836926,0.26747936513426146,1.8458266904983307,3,1,0,0,0,1
5,0.22314355131420976,0.0,1.55814461804655,0.0,0.0,0.0,0.0,0.06765864847381486,0.8109302162163288,4,1,0,0,0,1
4,0.0,0.0,1.3862943611198906,0.0,0.0,0.0,0.0,0.0,0.6931471805599453,2,0,1,0,0,0
10,2.302585092994046,0.0,1.3862943611198906,0.0,0.0,0.003992021269537457,0.003992021269537457,0.29416103854948994,0.6931471805599453,3,0,0,1,0,0
6,2.833213344056216,0.1823215567939546,2.302585092994046,0.1823215567939546,0.0,0.003992021269537457,0.003992021269537457,0.044973365642731196,1.2809338454620642,2,1,0,1,0,0
4,4.51085950651685,0.0,3.120895416507997,0.6931471805599453,0.0,0.1570037488096647,0.1570037488096647,0.8386894858506035,1.203972804325936,3,0,0,1,0,0
9,3.5085558999826545,0.1823215567939546,2.2407096892759584,0.3364722366212129,0.03729578474369693,0.025667746748577813,0.0620353909194527,0.5128236264286637,1.1631508098056809,3,0,0,1,0,0
